Unity Editor version:    6000.1.15f1 (faa32412f6c9)
Branch:                  6000.1/staging
Build type:              Release
Batch mode:              YES
macOS version:           Version 15.5 (Build 24F74)
Darwin version:          24.5.0
Architecture:            arm64
Running under Rosetta:   NO
Available memory:        8192 MB
Date:                    2025-08-10T11:29:37Z
Using pre-set license
Pro License: YES

COMMAND LINE ARGUMENTS:
/Applications/Unity/Hub/Editor/6000.1.15f1/Unity.app/Contents/MacOS/Unity
-adb2
-batchMode
-noUpm
-name
AssetImportWorker0
-projectPath
/Users/aaronjay/Documents/emagine/development/360-Video-
-logFile
Logs/AssetImportWorker0.log
-srvPort
56243
-job-worker-count
3
-background-job-worker-count
8
-gc-helper-count
1
-name AssetImport
Successfully changed project path to: /Users/aaronjay/Documents/emagine/development/360-Video-
/Users/aaronjay/Documents/emagine/development/360-Video-
[UnityMemory] Configuration Parameters - Can be set up in boot.config
    "memorysetup-allocator-temp-initial-block-size-main=262144"
    "memorysetup-allocator-temp-initial-block-size-worker=262144"
    "memorysetup-bucket-allocator-granularity=16"
    "memorysetup-bucket-allocator-bucket-count=8"
    "memorysetup-bucket-allocator-block-size=33554432"
    "memorysetup-bucket-allocator-block-count=8"
    "memorysetup-main-allocator-block-size=16777216"
    "memorysetup-thread-allocator-block-size=16777216"
    "memorysetup-gfx-main-allocator-block-size=16777216"
    "memorysetup-gfx-thread-allocator-block-size=16777216"
    "memorysetup-cache-allocator-block-size=4194304"
    "memorysetup-typetree-allocator-block-size=2097152"
    "memorysetup-profiler-bucket-allocator-granularity=16"
    "memorysetup-profiler-bucket-allocator-bucket-count=8"
    "memorysetup-profiler-bucket-allocator-block-size=33554432"
    "memorysetup-profiler-bucket-allocator-block-count=8"
    "memorysetup-profiler-allocator-block-size=16777216"
    "memorysetup-profiler-editor-allocator-block-size=1048576"
    "memorysetup-temp-allocator-size-main=16777216"
    "memorysetup-job-temp-allocator-block-size=2097152"
    "memorysetup-job-temp-allocator-block-size-background=1048576"
    "memorysetup-job-temp-allocator-reduction-small-platforms=262144"
    "memorysetup-temp-allocator-size-background-worker=32768"
    "memorysetup-temp-allocator-size-job-worker=262144"
    "memorysetup-temp-allocator-size-preload-manager=33554432"
    "memorysetup-temp-allocator-size-nav-mesh-worker=65536"
    "memorysetup-temp-allocator-size-audio-worker=65536"
    "memorysetup-temp-allocator-size-cloud-worker=32768"
    "memorysetup-temp-allocator-size-gi-baking-worker=262144"
    "memorysetup-temp-allocator-size-gi-baking-worker=262144"
    "memorysetup-temp-allocator-size-gi-baking-worker=262144"
    "memorysetup-temp-allocator-size-gi-baking-worker=262144"
    "memorysetup-temp-allocator-size-gi-baking-worker=262144"
    "memorysetup-temp-allocator-size-gfx=262144"
Player connection [8739577600]  Target information:

Player connection [8739577600]  * "[IP] 192.168.68.108 [Port] 0 [Flags] 2 [Guid] 530516886 [EditorId] 530516886 [Version] 1048832 [Id] OSXEditor(0,Aarons-MacBook-Pro-2.local) [Debug] 1 [PackageName] OSXEditor [ProjectName] Editor" 

Player connection [8739577600] Host joined multi-casting on [225.0.0.222:54997]...
Player connection [8739577600] Host joined alternative multi-casting on [225.0.0.222:34997]...
JobSystem: Creating JobQueue using job-worker-count value 3
Input System module state changed to: Initialized.
[Physics::Module] Initialized fallback backend.
[Physics::Module] Id: 0xdecafbad
Library Redirect Path: Library/
[Physics::Module] Selected backend.
[Physics::Module] Name: PhysX
[Physics::Module] Id: 0xf2b8ea05
[Physics::Module] SDK Version: 4.1.2
[Physics::Module] Integration Version: 1.0.0
[Physics::Module] Threading Mode: Multi-Threaded
Refreshing native plugins compatible for Editor in 40.62 ms, found 18 plugins.
Preloading 1 native plugins for Editor in 5.70 ms.
Initialize engine version: 6000.1.15f1 (faa32412f6c9)
[Subsystems] Discovering subsystems at path /Applications/Unity/Hub/Editor/6000.1.15f1/Unity.app/Contents/Resources/UnitySubsystems
[Subsystems] Discovering subsystems at path /Users/aaronjay/Documents/emagine/development/360-Video-/Assets
GfxDevice: creating device client; kGfxThreadingModeNonThreaded
 preferred device: Apple M1 (high power)
Metal devices available: 1
0: Apple M1 (high power)
Using device Apple M1 (high power)
Initializing Metal device caps: Apple M1
Shader 'Meta/MRUK/Scene/HighlightsAndShadows': fallback shader 'Off' not found
Shader 'Oculus/OVRMRCameraFrameLit': fallback shader 'Alpha-Diffuse' not found
Initialize mono
Mono path[0] = '/Applications/Unity/Hub/Editor/6000.1.15f1/Unity.app/Contents/Managed'
Mono path[1] = '/Applications/Unity/Hub/Editor/6000.1.15f1/Unity.app/Contents/MonoBleedingEdge/lib/mono/unityjit-macos'
Mono config path = '/Applications/Unity/Hub/Editor/6000.1.15f1/Unity.app/Contents/MonoBleedingEdge/etc'
Using monoOptions --debugger-agent=transport=dt_socket,embedding=1,server=y,suspend=n,address=127.0.0.1:56083
Begin MonoManager ReloadAssembly
Registering precompiled unity dll's ...
Register platform support module: /Applications/Unity/Hub/Editor/6000.1.15f1/Unity.app/Contents/PlaybackEngines/MacStandaloneSupport/UnityEditor.OSXStandalone.Extensions.dll
Register platform support module: /Applications/Unity/Hub/Editor/6000.1.15f1/PlaybackEngines/AndroidPlayer/UnityEditor.Android.Extensions.dll
Registered in 0.001004 seconds.
- Loaded All Assemblies, in  0.385 seconds
Native extension for Android target not found
Android Extension - Scanning For ADB Devices 116 ms
Native extension for OSXStandalone target not found
Mono: successfully reloaded assembly
- Finished resetting the current domain, in  0.447 seconds
Domain Reload Profiling: 833ms
	BeginReloadAssembly (102ms)
		ExecutionOrderSort (0ms)
		DisableScriptedObjects (0ms)
		BackupInstance (0ms)
		ReleaseScriptingObjects (0ms)
		CreateAndSetChildDomain (1ms)
	RebuildCommonClasses (59ms)
	RebuildNativeTypeToScriptingClass (13ms)
	initialDomainReloadingComplete (42ms)
	LoadAllAssembliesAndSetupDomain (170ms)
		LoadAssemblies (102ms)
		RebuildTransferFunctionScriptingTraits (0ms)
		AnalyzeDomain (165ms)
			TypeCache.Refresh (163ms)
				TypeCache.ScanAssembly (144ms)
			BuildScriptInfoCaches (0ms)
			ResolveRequiredComponents (1ms)
	FinalizeReload (448ms)
		ReleaseScriptCaches (0ms)
		RebuildScriptCaches (0ms)
		SetupLoadedEditorAssemblies (402ms)
			LogAssemblyErrors (0ms)
			InitializePlatformSupportModulesInManaged (189ms)
			SetLoadedEditorAssemblies (4ms)
			BeforeProcessingInitializeOnLoad (55ms)
			ProcessInitializeOnLoadAttributes (95ms)
			ProcessInitializeOnLoadMethodAttributes (59ms)
			AfterProcessingInitializeOnLoad (0ms)
			EditorAssembliesLoaded (0ms)
		ExecutionOrderSort2 (0ms)
		AwakeInstancesAfterBackupRestoration (0ms)
========================================================================
Worker process is ready to serve import requests
Import Worker Mode flag is 0x00
Begin MonoManager ReloadAssembly
Symbol file LoadedFromMemory is not a mono symbol file
- Loaded All Assemblies, in  0.948 seconds
Script 'CharacterController' has the same name as built-in Unity component.
AddComponent and GetComponent will not work with this script.
'Packages/com.meta.xr.sdk.core/Editor/BuildingBlocks/BlocksWindow.cs' contains partial class of Unity.Object, exactly 1 of the partial classes needs to be in a file with the same filename. This is to know the one that can be referenced from ie. GameObjects
'Packages/com.meta.xr.sdk.core/Editor/BuildingBlocks/BlocksWindowDetailsExtension.cs' contains partial class of Unity.Object, exactly 1 of the partial classes needs to be in a file with the same filename. This is to know the one that can be referenced from ie. GameObjects
'Packages/com.meta.xr.sdk.core/Editor/BuildingBlocks/BlocksWindowCollectionsPageExtension.cs' contains partial class of Unity.Object, exactly 1 of the partial classes needs to be in a file with the same filename. This is to know the one that can be referenced from ie. GameObjects
Refreshing native plugins compatible for Editor in 5.69 ms, found 18 plugins.
Native extension for Android target not found
Native extension for OSXStandalone target not found
Package Manager log level set to [2]
[Package Manager] Failed to launch server process. Reason: Unity was launched with the -noUpm command-line argument
[Package Manager] Unable to send message (not connected to server process).
[Package Manager] Cannot connect to Unity Package Manager local server
[Package Manager] Failed to launch server process. Reason: Unity was launched with the -noUpm command-line argument
[Package Manager] Unable to send message (not connected to server process).
[Package Manager] Cannot connect to Unity Package Manager local server
Refreshing native plugins compatible for Editor in 5.62 ms, found 18 plugins.
10/08 12:29:42.302 {DEBUG}   [AnalyticsLifeTime] Pre initialization finished.
10/08 12:29:42.302 {DEBUG}   [AnalyticsLifeTime] Post-migration initialization finished.
  % Total    % Received % Xferd  Average Speed   Time    Time     Time  Current
                                 Dload  Upload   Total   Spent    Left  Speed
  0     0    0     0    0     0      0      0 --:--:-- --:--:-- --:--:--     0100    29    0    29    0     0    197      0 --:--:-- --:--:-- --:--:--   198
[Package Manager] Failed to launch server process. Reason: Unity was launched with the -noUpm command-line argument
[Package Manager] Unable to send message (not connected to server process).
[Package Manager] Cannot connect to Unity Package Manager local server
Mono: successfully reloaded assembly
[Package Manager] Failed to launch server process. Reason: Unity was launched with the -noUpm command-line argument
[Package Manager] Unable to send message (not connected to server process).
[Package Manager] Cannot connect to Unity Package Manager local server
[Package Manager] Failed to launch server process. Reason: Unity was launched with the -noUpm command-line argument
[Package Manager] Unable to send message (not connected to server process).
[Package Manager] Cannot connect to Unity Package Manager local server
- Finished resetting the current domain, in  1.313 seconds
Domain Reload Profiling: 2265ms
	BeginReloadAssembly (113ms)
		ExecutionOrderSort (0ms)
		DisableScriptedObjects (5ms)
		BackupInstance (0ms)
		ReleaseScriptingObjects (0ms)
		CreateAndSetChildDomain (35ms)
	RebuildCommonClasses (29ms)
	RebuildNativeTypeToScriptingClass (10ms)
	initialDomainReloadingComplete (26ms)
	LoadAllAssembliesAndSetupDomain (769ms)
		LoadAssemblies (375ms)
		RebuildTransferFunctionScriptingTraits (0ms)
		AnalyzeDomain (436ms)
			TypeCache.Refresh (302ms)
				TypeCache.ScanAssembly (249ms)
			BuildScriptInfoCaches (109ms)
			ResolveRequiredComponents (20ms)
	FinalizeReload (1317ms)
		ReleaseScriptCaches (0ms)
		RebuildScriptCaches (0ms)
		SetupLoadedEditorAssemblies (1106ms)
			LogAssemblyErrors (0ms)
			InitializePlatformSupportModulesInManaged (7ms)
			SetLoadedEditorAssemblies (6ms)
			BeforeProcessingInitializeOnLoad (154ms)
			ProcessInitializeOnLoadAttributes (777ms)
			ProcessInitializeOnLoadMethodAttributes (162ms)
			AfterProcessingInitializeOnLoad (1ms)
			EditorAssembliesLoaded (0ms)
		ExecutionOrderSort2 (0ms)
		AwakeInstancesAfterBackupRestoration (2ms)
WARNING: Shader Unsupported: 'AVProVideo/Internal/UI/Transparent Packed (stereo) - AndroidOES' - All subshaders removed
WARNING: Shader Did you use #pragma only_renderers and omit this platform?
WARNING: Shader If subshaders removal was intentional, you may have forgotten turning Fallback off?
WARNING: Shader Unsupported: 'AVProVideo/Internal/UI/Transparent Packed (stereo) - AndroidOES' - All subshaders removed
WARNING: Shader Did you use #pragma only_renderers and omit this platform?
WARNING: Shader If subshaders removal was intentional, you may have forgotten turning Fallback off?
WARNING: Shader Unsupported: 'AVProVideo/Unlit/Opaque (texture+color+stereo support) - Android OES ONLY' - All subshaders removed
WARNING: Shader Did you use #pragma only_renderers and omit this platform?
WARNING: Shader If subshaders removal was intentional, you may have forgotten turning Fallback off?
WARNING: Shader Unsupported: 'AVProVideo/Unlit/Opaque (texture+color+stereo support) - Android OES ONLY' - All subshaders removed
WARNING: Shader Did you use #pragma only_renderers and omit this platform?
WARNING: Shader If subshaders removal was intentional, you may have forgotten turning Fallback off?
WARNING: Shader Unsupported: 'AVProVideo/Internal/UI/Stereo - AndroidOES' - All subshaders removed
WARNING: Shader Did you use #pragma only_renderers and omit this platform?
WARNING: Shader If subshaders removal was intentional, you may have forgotten turning Fallback off?
WARNING: Shader Unsupported: 'AVProVideo/Internal/UI/Stereo - AndroidOES' - All subshaders removed
WARNING: Shader Did you use #pragma only_renderers and omit this platform?
WARNING: Shader If subshaders removal was intentional, you may have forgotten turning Fallback off?
WARNING: Shader Unsupported: 'AVProVideo/VR/InsideSphere Unlit (stereo+color) - Android OES ONLY' - All subshaders removed
WARNING: Shader Did you use #pragma only_renderers and omit this platform?
WARNING: Shader If subshaders removal was intentional, you may have forgotten turning Fallback off?
WARNING: Shader Unsupported: 'AVProVideo/VR/InsideSphere Unlit (stereo+color) - Android OES ONLY' - All subshaders removed
WARNING: Shader Did you use #pragma only_renderers and omit this platform?
WARNING: Shader If subshaders removal was intentional, you may have forgotten turning Fallback off?
WARNING: Shader Unsupported: 'Universal Render Pipeline/VR/SpatialMapping/Wireframe' - All subshaders removed
WARNING: Shader Did you use #pragma only_renderers and omit this platform?
WARNING: Shader If subshaders removal was intentional, you may have forgotten turning Fallback off?
WARNING: Shader Unsupported: 'Universal Render Pipeline/VR/SpatialMapping/Wireframe' - All subshaders removed
WARNING: Shader Did you use #pragma only_renderers and omit this platform?
WARNING: Shader If subshaders removal was intentional, you may have forgotten turning Fallback off?
WARNING: Shader Unsupported: 'AVProVideo/VR/InsideSphere Unlit Transparent (stereo+color+alpha) - Android OES ONLY' - All subshaders removed
WARNING: Shader Did you use #pragma only_renderers and omit this platform?
WARNING: Shader If subshaders removal was intentional, you may have forgotten turning Fallback off?
WARNING: Shader Unsupported: 'AVProVideo/VR/InsideSphere Unlit Transparent (stereo+color+alpha) - Android OES ONLY' - All subshaders removed
WARNING: Shader Did you use #pragma only_renderers and omit this platform?
WARNING: Shader If subshaders removal was intentional, you may have forgotten turning Fallback off?
WARNING: Shader Unsupported: 'AVProVideo/Unlit/Transparent (texture+alpha support) - Android OES ONLY' - All subshaders removed
WARNING: Shader Did you use #pragma only_renderers and omit this platform?
WARNING: Shader If subshaders removal was intentional, you may have forgotten turning Fallback off?
WARNING: Shader Unsupported: 'AVProVideo/Unlit/Transparent (texture+alpha support) - Android OES ONLY' - All subshaders removed
WARNING: Shader Did you use #pragma only_renderers and omit this platform?
WARNING: Shader If subshaders removal was intentional, you may have forgotten turning Fallback off?
Shader 'Meta/MRUK/Scene/HighlightsAndShadows': fallback shader 'Off' not found
Shader 'Oculus/OVRMRCameraFrameLit': fallback shader 'Alpha-Diffuse' not found
[OVRPlugin][INFO] UnityPluginLoad called
Launching external process: /Applications/Unity/Hub/Editor/6000.1.15f1/Unity.app/Contents/Tools/UnityShaderCompiler
Launched and connected shader compiler UnityShaderCompiler after 0.07 seconds
Refreshing native plugins compatible for Editor in 6.15 ms, found 18 plugins.
Preloading 1 native plugins for Editor in 0.50 ms.
Unloading 23 Unused Serialized files (Serialized files now loaded: 0)
Unloading 9292 unused Assets / (4.6 MB). Loaded Objects now: 10037.
Memory consumption went from 170.8 MB to 166.2 MB.
Total: 14.022416 ms (FindLiveObjects: 1.860709 ms CreateObjectMapping: 0.492375 ms MarkObjects: 8.941167 ms  DeleteObjects: 2.727625 ms)

========================================================================
Received Import Request.
  Time since last request: 549038.346756 seconds.
  path: Assets/InputSystem_Actions.inputactions
  artifactKey: Guid(052faaac586de48259a63d0c4782560b) Importer(815301076,1909f56bfc062723c751e8b465ee728b)
Start importing Assets/InputSystem_Actions.inputactions using Guid(052faaac586de48259a63d0c4782560b) Importer(815301076,1909f56bfc062723c751e8b465ee728b) (PreviewImporter) -> (artifact id: '15be5ba4d5b2b3ffcc56475d7901d8b3') in 0.040465709 seconds
Number of updated asset objects reloaded before import = 0Number of asset objects unloaded after import = 20

========================================================================
Received Prepare
Script 'CharacterController' has the same name as built-in Unity component.
AddComponent and GetComponent will not work with this script.
'Packages/com.meta.xr.sdk.core/Editor/BuildingBlocks/BlocksWindow.cs' contains partial class of Unity.Object, exactly 1 of the partial classes needs to be in a file with the same filename. This is to know the one that can be referenced from ie. GameObjects
'Packages/com.meta.xr.sdk.core/Editor/BuildingBlocks/BlocksWindowDetailsExtension.cs' contains partial class of Unity.Object, exactly 1 of the partial classes needs to be in a file with the same filename. This is to know the one that can be referenced from ie. GameObjects
'Packages/com.meta.xr.sdk.core/Editor/BuildingBlocks/BlocksWindowCollectionsPageExtension.cs' contains partial class of Unity.Object, exactly 1 of the partial classes needs to be in a file with the same filename. This is to know the one that can be referenced from ie. GameObjects
WARNING: Shader Unsupported: 'AVProVideo/Internal/UI/Transparent Packed (stereo) - AndroidOES' - All subshaders removed
WARNING: Shader Did you use #pragma only_renderers and omit this platform?
WARNING: Shader If subshaders removal was intentional, you may have forgotten turning Fallback off?
WARNING: Shader Unsupported: 'AVProVideo/Internal/UI/Transparent Packed (stereo) - AndroidOES' - All subshaders removed
WARNING: Shader Did you use #pragma only_renderers and omit this platform?
WARNING: Shader If subshaders removal was intentional, you may have forgotten turning Fallback off?
WARNING: Shader Unsupported: 'AVProVideo/Unlit/Opaque (texture+color+stereo support) - Android OES ONLY' - All subshaders removed
WARNING: Shader Did you use #pragma only_renderers and omit this platform?
WARNING: Shader If subshaders removal was intentional, you may have forgotten turning Fallback off?
WARNING: Shader Unsupported: 'AVProVideo/Unlit/Opaque (texture+color+stereo support) - Android OES ONLY' - All subshaders removed
WARNING: Shader Did you use #pragma only_renderers and omit this platform?
WARNING: Shader If subshaders removal was intentional, you may have forgotten turning Fallback off?
WARNING: Shader Unsupported: 'AVProVideo/Internal/UI/Stereo - AndroidOES' - All subshaders removed
WARNING: Shader Did you use #pragma only_renderers and omit this platform?
WARNING: Shader If subshaders removal was intentional, you may have forgotten turning Fallback off?
WARNING: Shader Unsupported: 'AVProVideo/Internal/UI/Stereo - AndroidOES' - All subshaders removed
WARNING: Shader Did you use #pragma only_renderers and omit this platform?
WARNING: Shader If subshaders removal was intentional, you may have forgotten turning Fallback off?
WARNING: Shader Unsupported: 'AVProVideo/VR/InsideSphere Unlit (stereo+color) - Android OES ONLY' - All subshaders removed
WARNING: Shader Did you use #pragma only_renderers and omit this platform?
WARNING: Shader If subshaders removal was intentional, you may have forgotten turning Fallback off?
WARNING: Shader Unsupported: 'AVProVideo/VR/InsideSphere Unlit (stereo+color) - Android OES ONLY' - All subshaders removed
WARNING: Shader Did you use #pragma only_renderers and omit this platform?
WARNING: Shader If subshaders removal was intentional, you may have forgotten turning Fallback off?
WARNING: Shader Unsupported: 'Universal Render Pipeline/VR/SpatialMapping/Wireframe' - All subshaders removed
WARNING: Shader Did you use #pragma only_renderers and omit this platform?
WARNING: Shader If subshaders removal was intentional, you may have forgotten turning Fallback off?
WARNING: Shader Unsupported: 'Universal Render Pipeline/VR/SpatialMapping/Wireframe' - All subshaders removed
WARNING: Shader Did you use #pragma only_renderers and omit this platform?
WARNING: Shader If subshaders removal was intentional, you may have forgotten turning Fallback off?
WARNING: Shader Unsupported: 'AVProVideo/VR/InsideSphere Unlit Transparent (stereo+color+alpha) - Android OES ONLY' - All subshaders removed
WARNING: Shader Did you use #pragma only_renderers and omit this platform?
WARNING: Shader If subshaders removal was intentional, you may have forgotten turning Fallback off?
WARNING: Shader Unsupported: 'AVProVideo/VR/InsideSphere Unlit Transparent (stereo+color+alpha) - Android OES ONLY' - All subshaders removed
WARNING: Shader Did you use #pragma only_renderers and omit this platform?
WARNING: Shader If subshaders removal was intentional, you may have forgotten turning Fallback off?
WARNING: Shader Unsupported: 'AVProVideo/Unlit/Transparent (texture+alpha support) - Android OES ONLY' - All subshaders removed
WARNING: Shader Did you use #pragma only_renderers and omit this platform?
WARNING: Shader If subshaders removal was intentional, you may have forgotten turning Fallback off?
WARNING: Shader Unsupported: 'AVProVideo/Unlit/Transparent (texture+alpha support) - Android OES ONLY' - All subshaders removed
WARNING: Shader Did you use #pragma only_renderers and omit this platform?
WARNING: Shader If subshaders removal was intentional, you may have forgotten turning Fallback off?
Shader 'Meta/MRUK/Scene/HighlightsAndShadows': fallback shader 'Off' not found
Shader 'Oculus/OVRMRCameraFrameLit': fallback shader 'Alpha-Diffuse' not found
Refreshing native plugins compatible for Editor in 27.54 ms, found 18 plugins.
Preloading 1 native plugins for Editor in 1.95 ms.
Unloading 23 Unused Serialized files (Serialized files now loaded: 0)
Unloading 9144 unused Assets / (3.0 MB). Loaded Objects now: 10029.
Memory consumption went from 169.6 MB to 166.6 MB.
Total: 47.088500 ms (FindLiveObjects: 2.095333 ms CreateObjectMapping: 0.503000 ms MarkObjects: 38.499542 ms  DeleteObjects: 5.989000 ms)

Prepare: number of updated asset objects reloaded= 0
========================================================================
Received Import Request.
  Time since last request: 254.502694 seconds.
  path: Assets/Scripts/Net/FMETPSendRelay.cs
  artifactKey: Guid(aff1b0504decb423ead4b5f89be94f7b) Importer(815301076,1909f56bfc062723c751e8b465ee728b)
Start importing Assets/Scripts/Net/FMETPSendRelay.cs using Guid(aff1b0504decb423ead4b5f89be94f7b) Importer(815301076,1909f56bfc062723c751e8b465ee728b) (PreviewImporter) -> (artifact id: '00000000000000000000000000000000') in 0.010290541 seconds
Import Error Code:(4)
Message: Build asset version error: assets/scripts/net/fmetpsendrelay.cs in SourceAssetDB has modification time of '2025-08-10T11:23:20Z' while content on disk has modification time of '2025-08-10T11:33:50Z'
  ERROR: Build asset version error: assets/scripts/net/fmetpsendrelay.cs in SourceAssetDB has modification time of '2025-08-10T11:23:20Z' while content on disk has modification time of '2025-08-10T11:33:50Z'
Number of updated asset objects reloaded before import = 0Number of asset objects unloaded after import = 0

========================================================================
Received Import Request.
  Time since last request: 0.000088 seconds.
  path: Assets/Scripts/Net/FMETPSendRelay.cs
  artifactKey: Guid(aff1b0504decb423ead4b5f89be94f7b) Importer(815301076,1909f56bfc062723c751e8b465ee728b)
Start importing Assets/Scripts/Net/FMETPSendRelay.cs using Guid(aff1b0504decb423ead4b5f89be94f7b) Importer(815301076,1909f56bfc062723c751e8b465ee728b) (PreviewImporter) -> (artifact id: '00000000000000000000000000000000') in 0.000427666 seconds
Import Error Code:(4)
Message: Build asset version error: assets/scripts/net/fmetpsendrelay.cs in SourceAssetDB has modification time of '2025-08-10T11:23:20Z' while content on disk has modification time of '2025-08-10T11:33:50Z'
  ERROR: Build asset version error: assets/scripts/net/fmetpsendrelay.cs in SourceAssetDB has modification time of '2025-08-10T11:23:20Z' while content on disk has modification time of '2025-08-10T11:33:50Z'
Number of updated asset objects reloaded before import = 0Number of asset objects unloaded after import = 0

========================================================================
Received Import Request.
  Time since last request: 0.000072 seconds.
  path: Assets/Scripts/Net/FMETPSendRelay.cs
  artifactKey: Guid(aff1b0504decb423ead4b5f89be94f7b) Importer(815301076,1909f56bfc062723c751e8b465ee728b)
Start importing Assets/Scripts/Net/FMETPSendRelay.cs using Guid(aff1b0504decb423ead4b5f89be94f7b) Importer(815301076,1909f56bfc062723c751e8b465ee728b) (PreviewImporter) -> (artifact id: '00000000000000000000000000000000') in 0.000475583 seconds
Import Error Code:(4)
Message: Build asset version error: assets/scripts/net/fmetpsendrelay.cs in SourceAssetDB has modification time of '2025-08-10T11:23:20Z' while content on disk has modification time of '2025-08-10T11:33:50Z'
  ERROR: Build asset version error: assets/scripts/net/fmetpsendrelay.cs in SourceAssetDB has modification time of '2025-08-10T11:23:20Z' while content on disk has modification time of '2025-08-10T11:33:50Z'
Number of updated asset objects reloaded before import = 0Number of asset objects unloaded after import = 0

========================================================================
Received Import Request.
  Time since last request: 0.000049 seconds.
  path: Assets/Scripts/Net/FMETPSendRelay.cs
  artifactKey: Guid(aff1b0504decb423ead4b5f89be94f7b) Importer(815301076,1909f56bfc062723c751e8b465ee728b)
Start importing Assets/Scripts/Net/FMETPSendRelay.cs using Guid(aff1b0504decb423ead4b5f89be94f7b) Importer(815301076,1909f56bfc062723c751e8b465ee728b) (PreviewImporter) -> (artifact id: '00000000000000000000000000000000') in 0.000312333 seconds
Import Error Code:(4)
Message: Build asset version error: assets/scripts/net/fmetpsendrelay.cs in SourceAssetDB has modification time of '2025-08-10T11:23:20Z' while content on disk has modification time of '2025-08-10T11:33:50Z'
  ERROR: Build asset version error: assets/scripts/net/fmetpsendrelay.cs in SourceAssetDB has modification time of '2025-08-10T11:23:20Z' while content on disk has modification time of '2025-08-10T11:33:50Z'
Number of updated asset objects reloaded before import = 0Number of asset objects unloaded after import = 0

========================================================================
Received Import Request.
  Time since last request: 0.000076 seconds.
  path: Assets/Scripts/Net/FMETPSendRelay.cs
  artifactKey: Guid(aff1b0504decb423ead4b5f89be94f7b) Importer(815301076,1909f56bfc062723c751e8b465ee728b)
Start importing Assets/Scripts/Net/FMETPSendRelay.cs using Guid(aff1b0504decb423ead4b5f89be94f7b) Importer(815301076,1909f56bfc062723c751e8b465ee728b) (PreviewImporter) -> (artifact id: '00000000000000000000000000000000') in 0.001646833 seconds
Import Error Code:(4)
Message: Build asset version error: assets/scripts/net/fmetpsendrelay.cs in SourceAssetDB has modification time of '2025-08-10T11:23:20Z' while content on disk has modification time of '2025-08-10T11:33:50Z'
  ERROR: Build asset version error: assets/scripts/net/fmetpsendrelay.cs in SourceAssetDB has modification time of '2025-08-10T11:23:20Z' while content on disk has modification time of '2025-08-10T11:33:50Z'
Number of updated asset objects reloaded before import = 0Number of asset objects unloaded after import = 0

========================================================================
Received Import Request.
  Time since last request: 0.000100 seconds.
  path: Assets/Scripts/Net/FMETPSendRelay.cs
  artifactKey: Guid(aff1b0504decb423ead4b5f89be94f7b) Importer(815301076,1909f56bfc062723c751e8b465ee728b)
Start importing Assets/Scripts/Net/FMETPSendRelay.cs using Guid(aff1b0504decb423ead4b5f89be94f7b) Importer(815301076,1909f56bfc062723c751e8b465ee728b) (PreviewImporter) -> (artifact id: '00000000000000000000000000000000') in 0.000336333 seconds
Import Error Code:(4)
Message: Build asset version error: assets/scripts/net/fmetpsendrelay.cs in SourceAssetDB has modification time of '2025-08-10T11:23:20Z' while content on disk has modification time of '2025-08-10T11:33:50Z'
  ERROR: Build asset version error: assets/scripts/net/fmetpsendrelay.cs in SourceAssetDB has modification time of '2025-08-10T11:23:20Z' while content on disk has modification time of '2025-08-10T11:33:50Z'
Number of updated asset objects reloaded before import = 0Number of asset objects unloaded after import = 0

========================================================================
Received Import Request.
  Time since last request: 0.000053 seconds.
  path: Assets/Scripts/Net/FMETPSendRelay.cs
  artifactKey: Guid(aff1b0504decb423ead4b5f89be94f7b) Importer(815301076,1909f56bfc062723c751e8b465ee728b)
Start importing Assets/Scripts/Net/FMETPSendRelay.cs using Guid(aff1b0504decb423ead4b5f89be94f7b) Importer(815301076,1909f56bfc062723c751e8b465ee728b) (PreviewImporter) -> (artifact id: '00000000000000000000000000000000') in 0.000430292 seconds
Import Error Code:(4)
Message: Build asset version error: assets/scripts/net/fmetpsendrelay.cs in SourceAssetDB has modification time of '2025-08-10T11:23:20Z' while content on disk has modification time of '2025-08-10T11:33:50Z'
  ERROR: Build asset version error: assets/scripts/net/fmetpsendrelay.cs in SourceAssetDB has modification time of '2025-08-10T11:23:20Z' while content on disk has modification time of '2025-08-10T11:33:50Z'
Number of updated asset objects reloaded before import = 0Number of asset objects unloaded after import = 0

========================================================================
Received Import Request.
  Time since last request: 0.000466 seconds.
  path: Assets/Scripts/Net/FMETPSendRelay.cs
  artifactKey: Guid(aff1b0504decb423ead4b5f89be94f7b) Importer(815301076,1909f56bfc062723c751e8b465ee728b)
Start importing Assets/Scripts/Net/FMETPSendRelay.cs using Guid(aff1b0504decb423ead4b5f89be94f7b) Importer(815301076,1909f56bfc062723c751e8b465ee728b) (PreviewImporter) -> (artifact id: '00000000000000000000000000000000') in 0.000316208 seconds
Import Error Code:(4)
Message: Build asset version error: assets/scripts/net/fmetpsendrelay.cs in SourceAssetDB has modification time of '2025-08-10T11:23:20Z' while content on disk has modification time of '2025-08-10T11:33:50Z'
  ERROR: Build asset version error: assets/scripts/net/fmetpsendrelay.cs in SourceAssetDB has modification time of '2025-08-10T11:23:20Z' while content on disk has modification time of '2025-08-10T11:33:50Z'
Number of updated asset objects reloaded before import = 0Number of asset objects unloaded after import = 0

========================================================================
Received Import Request.
  Time since last request: 0.000060 seconds.
  path: Assets/Scripts/Net/FMETPSendRelay.cs
  artifactKey: Guid(aff1b0504decb423ead4b5f89be94f7b) Importer(815301076,1909f56bfc062723c751e8b465ee728b)
Start importing Assets/Scripts/Net/FMETPSendRelay.cs using Guid(aff1b0504decb423ead4b5f89be94f7b) Importer(815301076,1909f56bfc062723c751e8b465ee728b) (PreviewImporter) -> (artifact id: '00000000000000000000000000000000') in 0.000339833 seconds
Import Error Code:(4)
Message: Build asset version error: assets/scripts/net/fmetpsendrelay.cs in SourceAssetDB has modification time of '2025-08-10T11:23:20Z' while content on disk has modification time of '2025-08-10T11:33:50Z'
  ERROR: Build asset version error: assets/scripts/net/fmetpsendrelay.cs in SourceAssetDB has modification time of '2025-08-10T11:23:20Z' while content on disk has modification time of '2025-08-10T11:33:50Z'
Number of updated asset objects reloaded before import = 0Number of asset objects unloaded after import = 0

========================================================================
Received Import Request.
  Time since last request: 0.001426 seconds.
  path: Assets/Scripts/Net/FMETPSendRelay.cs
  artifactKey: Guid(aff1b0504decb423ead4b5f89be94f7b) Importer(815301076,1909f56bfc062723c751e8b465ee728b)
Start importing Assets/Scripts/Net/FMETPSendRelay.cs using Guid(aff1b0504decb423ead4b5f89be94f7b) Importer(815301076,1909f56bfc062723c751e8b465ee728b) (PreviewImporter) -> (artifact id: '00000000000000000000000000000000') in 0.000376833 seconds
Import Error Code:(4)
Message: Build asset version error: assets/scripts/net/fmetpsendrelay.cs in SourceAssetDB has modification time of '2025-08-10T11:23:20Z' while content on disk has modification time of '2025-08-10T11:33:50Z'
  ERROR: Build asset version error: assets/scripts/net/fmetpsendrelay.cs in SourceAssetDB has modification time of '2025-08-10T11:23:20Z' while content on disk has modification time of '2025-08-10T11:33:50Z'
Number of updated asset objects reloaded before import = 0Number of asset objects unloaded after import = 0

========================================================================
Received Import Request.
  Time since last request: 0.000055 seconds.
  path: Assets/Scripts/Net/FMETPSendRelay.cs
  artifactKey: Guid(aff1b0504decb423ead4b5f89be94f7b) Importer(815301076,1909f56bfc062723c751e8b465ee728b)
Start importing Assets/Scripts/Net/FMETPSendRelay.cs using Guid(aff1b0504decb423ead4b5f89be94f7b) Importer(815301076,1909f56bfc062723c751e8b465ee728b) (PreviewImporter) -> (artifact id: '00000000000000000000000000000000') in 0.00036075 seconds
Import Error Code:(4)
Message: Build asset version error: assets/scripts/net/fmetpsendrelay.cs in SourceAssetDB has modification time of '2025-08-10T11:23:20Z' while content on disk has modification time of '2025-08-10T11:33:50Z'
  ERROR: Build asset version error: assets/scripts/net/fmetpsendrelay.cs in SourceAssetDB has modification time of '2025-08-10T11:23:20Z' while content on disk has modification time of '2025-08-10T11:33:50Z'
Number of updated asset objects reloaded before import = 0Number of asset objects unloaded after import = 0

========================================================================
Received Import Request.
  Time since last request: 0.000046 seconds.
  path: Assets/Scripts/Net/FMETPSendRelay.cs
  artifactKey: Guid(aff1b0504decb423ead4b5f89be94f7b) Importer(815301076,1909f56bfc062723c751e8b465ee728b)
Start importing Assets/Scripts/Net/FMETPSendRelay.cs using Guid(aff1b0504decb423ead4b5f89be94f7b) Importer(815301076,1909f56bfc062723c751e8b465ee728b) (PreviewImporter) -> (artifact id: '00000000000000000000000000000000') in 0.000459834 seconds
Import Error Code:(4)
Message: Build asset version error: assets/scripts/net/fmetpsendrelay.cs in SourceAssetDB has modification time of '2025-08-10T11:23:20Z' while content on disk has modification time of '2025-08-10T11:33:50Z'
  ERROR: Build asset version error: assets/scripts/net/fmetpsendrelay.cs in SourceAssetDB has modification time of '2025-08-10T11:23:20Z' while content on disk has modification time of '2025-08-10T11:33:50Z'
Number of updated asset objects reloaded before import = 0Number of asset objects unloaded after import = 0

========================================================================
Received Import Request.
  Time since last request: 0.000051 seconds.
  path: Assets/Scripts/Net/FMETPSendRelay.cs
  artifactKey: Guid(aff1b0504decb423ead4b5f89be94f7b) Importer(815301076,1909f56bfc062723c751e8b465ee728b)
Start importing Assets/Scripts/Net/FMETPSendRelay.cs using Guid(aff1b0504decb423ead4b5f89be94f7b) Importer(815301076,1909f56bfc062723c751e8b465ee728b) (PreviewImporter) -> (artifact id: '00000000000000000000000000000000') in 0.000523042 seconds
Import Error Code:(4)
Message: Build asset version error: assets/scripts/net/fmetpsendrelay.cs in SourceAssetDB has modification time of '2025-08-10T11:23:20Z' while content on disk has modification time of '2025-08-10T11:33:50Z'
  ERROR: Build asset version error: assets/scripts/net/fmetpsendrelay.cs in SourceAssetDB has modification time of '2025-08-10T11:23:20Z' while content on disk has modification time of '2025-08-10T11:33:50Z'
Number of updated asset objects reloaded before import = 0Number of asset objects unloaded after import = 0

========================================================================
Received Import Request.
  Time since last request: 0.003875 seconds.
  path: Assets/Scripts/Net/FMETPSendRelay.cs
  artifactKey: Guid(aff1b0504decb423ead4b5f89be94f7b) Importer(815301076,1909f56bfc062723c751e8b465ee728b)
Start importing Assets/Scripts/Net/FMETPSendRelay.cs using Guid(aff1b0504decb423ead4b5f89be94f7b) Importer(815301076,1909f56bfc062723c751e8b465ee728b) (PreviewImporter) -> (artifact id: '00000000000000000000000000000000') in 0.0003155 seconds
Import Error Code:(4)
Message: Build asset version error: assets/scripts/net/fmetpsendrelay.cs in SourceAssetDB has modification time of '2025-08-10T11:23:20Z' while content on disk has modification time of '2025-08-10T11:33:50Z'
  ERROR: Build asset version error: assets/scripts/net/fmetpsendrelay.cs in SourceAssetDB has modification time of '2025-08-10T11:23:20Z' while content on disk has modification time of '2025-08-10T11:33:50Z'
Number of updated asset objects reloaded before import = 0Number of asset objects unloaded after import = 0

========================================================================
Received Import Request.
  Time since last request: 0.000051 seconds.
  path: Assets/Scripts/Net/FMETPSendRelay.cs
  artifactKey: Guid(aff1b0504decb423ead4b5f89be94f7b) Importer(815301076,1909f56bfc062723c751e8b465ee728b)
Start importing Assets/Scripts/Net/FMETPSendRelay.cs using Guid(aff1b0504decb423ead4b5f89be94f7b) Importer(815301076,1909f56bfc062723c751e8b465ee728b) (PreviewImporter) -> (artifact id: '00000000000000000000000000000000') in 0.000280208 seconds
Import Error Code:(4)
Message: Build asset version error: assets/scripts/net/fmetpsendrelay.cs in SourceAssetDB has modification time of '2025-08-10T11:23:20Z' while content on disk has modification time of '2025-08-10T11:33:50Z'
  ERROR: Build asset version error: assets/scripts/net/fmetpsendrelay.cs in SourceAssetDB has modification time of '2025-08-10T11:23:20Z' while content on disk has modification time of '2025-08-10T11:33:50Z'
Number of updated asset objects reloaded before import = 0Number of asset objects unloaded after import = 0

========================================================================
Received Import Request.
  Time since last request: 0.000045 seconds.
  path: Assets/Scripts/Net/FMETPSendRelay.cs
  artifactKey: Guid(aff1b0504decb423ead4b5f89be94f7b) Importer(815301076,1909f56bfc062723c751e8b465ee728b)
Start importing Assets/Scripts/Net/FMETPSendRelay.cs using Guid(aff1b0504decb423ead4b5f89be94f7b) Importer(815301076,1909f56bfc062723c751e8b465ee728b) (PreviewImporter) -> (artifact id: '00000000000000000000000000000000') in 0.000330416 seconds
Import Error Code:(4)
Message: Build asset version error: assets/scripts/net/fmetpsendrelay.cs in SourceAssetDB has modification time of '2025-08-10T11:23:20Z' while content on disk has modification time of '2025-08-10T11:33:50Z'
  ERROR: Build asset version error: assets/scripts/net/fmetpsendrelay.cs in SourceAssetDB has modification time of '2025-08-10T11:23:20Z' while content on disk has modification time of '2025-08-10T11:33:50Z'
Number of updated asset objects reloaded before import = 0Number of asset objects unloaded after import = 0

========================================================================
Received Import Request.
  Time since last request: 0.003347 seconds.
  path: Assets/Scripts/Net/FMETPSendRelay.cs
  artifactKey: Guid(aff1b0504decb423ead4b5f89be94f7b) Importer(815301076,1909f56bfc062723c751e8b465ee728b)
Start importing Assets/Scripts/Net/FMETPSendRelay.cs using Guid(aff1b0504decb423ead4b5f89be94f7b) Importer(815301076,1909f56bfc062723c751e8b465ee728b) (PreviewImporter) -> (artifact id: '00000000000000000000000000000000') in 0.000295959 seconds
Import Error Code:(4)
Message: Build asset version error: assets/scripts/net/fmetpsendrelay.cs in SourceAssetDB has modification time of '2025-08-10T11:23:20Z' while content on disk has modification time of '2025-08-10T11:33:50Z'
  ERROR: Build asset version error: assets/scripts/net/fmetpsendrelay.cs in SourceAssetDB has modification time of '2025-08-10T11:23:20Z' while content on disk has modification time of '2025-08-10T11:33:50Z'
Number of updated asset objects reloaded before import = 0Number of asset objects unloaded after import = 0

========================================================================
Received Import Request.
  Time since last request: 0.000065 seconds.
  path: Assets/Scripts/Net/FMETPSendRelay.cs
  artifactKey: Guid(aff1b0504decb423ead4b5f89be94f7b) Importer(815301076,1909f56bfc062723c751e8b465ee728b)
Start importing Assets/Scripts/Net/FMETPSendRelay.cs using Guid(aff1b0504decb423ead4b5f89be94f7b) Importer(815301076,1909f56bfc062723c751e8b465ee728b) (PreviewImporter) -> (artifact id: '00000000000000000000000000000000') in 0.000605 seconds
Import Error Code:(4)
Message: Build asset version error: assets/scripts/net/fmetpsendrelay.cs in SourceAssetDB has modification time of '2025-08-10T11:23:20Z' while content on disk has modification time of '2025-08-10T11:33:50Z'
  ERROR: Build asset version error: assets/scripts/net/fmetpsendrelay.cs in SourceAssetDB has modification time of '2025-08-10T11:23:20Z' while content on disk has modification time of '2025-08-10T11:33:50Z'
Number of updated asset objects reloaded before import = 0Number of asset objects unloaded after import = 0

========================================================================
Received Import Request.
  Time since last request: 0.000734 seconds.
  path: Assets/Scripts/Net/FMETPSendRelay.cs
  artifactKey: Guid(aff1b0504decb423ead4b5f89be94f7b) Importer(815301076,1909f56bfc062723c751e8b465ee728b)
Start importing Assets/Scripts/Net/FMETPSendRelay.cs using Guid(aff1b0504decb423ead4b5f89be94f7b) Importer(815301076,1909f56bfc062723c751e8b465ee728b) (PreviewImporter) -> (artifact id: '00000000000000000000000000000000') in 0.000283542 seconds
Import Error Code:(4)
Message: Build asset version error: assets/scripts/net/fmetpsendrelay.cs in SourceAssetDB has modification time of '2025-08-10T11:23:20Z' while content on disk has modification time of '2025-08-10T11:33:50Z'
  ERROR: Build asset version error: assets/scripts/net/fmetpsendrelay.cs in SourceAssetDB has modification time of '2025-08-10T11:23:20Z' while content on disk has modification time of '2025-08-10T11:33:50Z'
Number of updated asset objects reloaded before import = 0Number of asset objects unloaded after import = 0

========================================================================
Received Import Request.
  Time since last request: 0.000073 seconds.
  path: Assets/Scripts/Net/FMETPSendRelay.cs
  artifactKey: Guid(aff1b0504decb423ead4b5f89be94f7b) Importer(815301076,1909f56bfc062723c751e8b465ee728b)
Start importing Assets/Scripts/Net/FMETPSendRelay.cs using Guid(aff1b0504decb423ead4b5f89be94f7b) Importer(815301076,1909f56bfc062723c751e8b465ee728b) (PreviewImporter) -> (artifact id: '00000000000000000000000000000000') in 0.00031075 seconds
Import Error Code:(4)
Message: Build asset version error: assets/scripts/net/fmetpsendrelay.cs in SourceAssetDB has modification time of '2025-08-10T11:23:20Z' while content on disk has modification time of '2025-08-10T11:33:50Z'
  ERROR: Build asset version error: assets/scripts/net/fmetpsendrelay.cs in SourceAssetDB has modification time of '2025-08-10T11:23:20Z' while content on disk has modification time of '2025-08-10T11:33:50Z'
Number of updated asset objects reloaded before import = 0Number of asset objects unloaded after import = 0

========================================================================
Received Import Request.
  Time since last request: 0.000071 seconds.
  path: Assets/Scripts/Net/FMETPSendRelay.cs
  artifactKey: Guid(aff1b0504decb423ead4b5f89be94f7b) Importer(815301076,1909f56bfc062723c751e8b465ee728b)
Start importing Assets/Scripts/Net/FMETPSendRelay.cs using Guid(aff1b0504decb423ead4b5f89be94f7b) Importer(815301076,1909f56bfc062723c751e8b465ee728b) (PreviewImporter) -> (artifact id: '00000000000000000000000000000000') in 0.000407958 seconds
Import Error Code:(4)
Message: Build asset version error: assets/scripts/net/fmetpsendrelay.cs in SourceAssetDB has modification time of '2025-08-10T11:23:20Z' while content on disk has modification time of '2025-08-10T11:33:50Z'
  ERROR: Build asset version error: assets/scripts/net/fmetpsendrelay.cs in SourceAssetDB has modification time of '2025-08-10T11:23:20Z' while content on disk has modification time of '2025-08-10T11:33:50Z'
Number of updated asset objects reloaded before import = 0Number of asset objects unloaded after import = 0

========================================================================
Received Import Request.
  Time since last request: 0.001033 seconds.
  path: Assets/Scripts/Net/FMETPSendRelay.cs
  artifactKey: Guid(aff1b0504decb423ead4b5f89be94f7b) Importer(815301076,1909f56bfc062723c751e8b465ee728b)
Start importing Assets/Scripts/Net/FMETPSendRelay.cs using Guid(aff1b0504decb423ead4b5f89be94f7b) Importer(815301076,1909f56bfc062723c751e8b465ee728b) (PreviewImporter) -> (artifact id: '00000000000000000000000000000000') in 0.000291041 seconds
Import Error Code:(4)
Message: Build asset version error: assets/scripts/net/fmetpsendrelay.cs in SourceAssetDB has modification time of '2025-08-10T11:23:20Z' while content on disk has modification time of '2025-08-10T11:33:50Z'
  ERROR: Build asset version error: assets/scripts/net/fmetpsendrelay.cs in SourceAssetDB has modification time of '2025-08-10T11:23:20Z' while content on disk has modification time of '2025-08-10T11:33:50Z'
Number of updated asset objects reloaded before import = 0Number of asset objects unloaded after import = 0

========================================================================
Received Import Request.
  Time since last request: 0.000086 seconds.
  path: Assets/Scripts/Net/FMETPSendRelay.cs
  artifactKey: Guid(aff1b0504decb423ead4b5f89be94f7b) Importer(815301076,1909f56bfc062723c751e8b465ee728b)
Start importing Assets/Scripts/Net/FMETPSendRelay.cs using Guid(aff1b0504decb423ead4b5f89be94f7b) Importer(815301076,1909f56bfc062723c751e8b465ee728b) (PreviewImporter) -> (artifact id: '00000000000000000000000000000000') in 0.000323667 seconds
Import Error Code:(4)
Message: Build asset version error: assets/scripts/net/fmetpsendrelay.cs in SourceAssetDB has modification time of '2025-08-10T11:23:20Z' while content on disk has modification time of '2025-08-10T11:33:50Z'
  ERROR: Build asset version error: assets/scripts/net/fmetpsendrelay.cs in SourceAssetDB has modification time of '2025-08-10T11:23:20Z' while content on disk has modification time of '2025-08-10T11:33:50Z'
Number of updated asset objects reloaded before import = 0Number of asset objects unloaded after import = 0

========================================================================
Received Import Request.
  Time since last request: 0.000044 seconds.
  path: Assets/Scripts/Net/FMETPSendRelay.cs
  artifactKey: Guid(aff1b0504decb423ead4b5f89be94f7b) Importer(815301076,1909f56bfc062723c751e8b465ee728b)
Start importing Assets/Scripts/Net/FMETPSendRelay.cs using Guid(aff1b0504decb423ead4b5f89be94f7b) Importer(815301076,1909f56bfc062723c751e8b465ee728b) (PreviewImporter) -> (artifact id: '00000000000000000000000000000000') in 0.000351084 seconds
Import Error Code:(4)
Message: Build asset version error: assets/scripts/net/fmetpsendrelay.cs in SourceAssetDB has modification time of '2025-08-10T11:23:20Z' while content on disk has modification time of '2025-08-10T11:33:50Z'
  ERROR: Build asset version error: assets/scripts/net/fmetpsendrelay.cs in SourceAssetDB has modification time of '2025-08-10T11:23:20Z' while content on disk has modification time of '2025-08-10T11:33:50Z'
Number of updated asset objects reloaded before import = 0Number of asset objects unloaded after import = 0

========================================================================
Received Import Request.
  Time since last request: 0.000058 seconds.
  path: Assets/Scripts/Net/FMETPSendRelay.cs
  artifactKey: Guid(aff1b0504decb423ead4b5f89be94f7b) Importer(815301076,1909f56bfc062723c751e8b465ee728b)
Start importing Assets/Scripts/Net/FMETPSendRelay.cs using Guid(aff1b0504decb423ead4b5f89be94f7b) Importer(815301076,1909f56bfc062723c751e8b465ee728b) (PreviewImporter) -> (artifact id: '00000000000000000000000000000000') in 0.000287042 seconds
Import Error Code:(4)
Message: Build asset version error: assets/scripts/net/fmetpsendrelay.cs in SourceAssetDB has modification time of '2025-08-10T11:23:20Z' while content on disk has modification time of '2025-08-10T11:33:50Z'
  ERROR: Build asset version error: assets/scripts/net/fmetpsendrelay.cs in SourceAssetDB has modification time of '2025-08-10T11:23:20Z' while content on disk has modification time of '2025-08-10T11:33:50Z'
Number of updated asset objects reloaded before import = 0Number of asset objects unloaded after import = 0

========================================================================
Received Import Request.
  Time since last request: 0.001115 seconds.
  path: Assets/Scripts/Net/FMETPSendRelay.cs
  artifactKey: Guid(aff1b0504decb423ead4b5f89be94f7b) Importer(815301076,1909f56bfc062723c751e8b465ee728b)
Start importing Assets/Scripts/Net/FMETPSendRelay.cs using Guid(aff1b0504decb423ead4b5f89be94f7b) Importer(815301076,1909f56bfc062723c751e8b465ee728b) (PreviewImporter) -> (artifact id: '00000000000000000000000000000000') in 0.000534541 seconds
Import Error Code:(4)
Message: Build asset version error: assets/scripts/net/fmetpsendrelay.cs in SourceAssetDB has modification time of '2025-08-10T11:23:20Z' while content on disk has modification time of '2025-08-10T11:33:50Z'
  ERROR: Build asset version error: assets/scripts/net/fmetpsendrelay.cs in SourceAssetDB has modification time of '2025-08-10T11:23:20Z' while content on disk has modification time of '2025-08-10T11:33:50Z'
Number of updated asset objects reloaded before import = 0Number of asset objects unloaded after import = 0

========================================================================
Received Import Request.
  Time since last request: 0.000057 seconds.
  path: Assets/Scripts/Net/FMETPSendRelay.cs
  artifactKey: Guid(aff1b0504decb423ead4b5f89be94f7b) Importer(815301076,1909f56bfc062723c751e8b465ee728b)
Start importing Assets/Scripts/Net/FMETPSendRelay.cs using Guid(aff1b0504decb423ead4b5f89be94f7b) Importer(815301076,1909f56bfc062723c751e8b465ee728b) (PreviewImporter) -> (artifact id: '00000000000000000000000000000000') in 0.000310167 seconds
Import Error Code:(4)
Message: Build asset version error: assets/scripts/net/fmetpsendrelay.cs in SourceAssetDB has modification time of '2025-08-10T11:23:20Z' while content on disk has modification time of '2025-08-10T11:33:50Z'
  ERROR: Build asset version error: assets/scripts/net/fmetpsendrelay.cs in SourceAssetDB has modification time of '2025-08-10T11:23:20Z' while content on disk has modification time of '2025-08-10T11:33:50Z'
Number of updated asset objects reloaded before import = 0Number of asset objects unloaded after import = 0

========================================================================
Received Import Request.
  Time since last request: 0.000045 seconds.
  path: Assets/Scripts/Net/FMETPSendRelay.cs
  artifactKey: Guid(aff1b0504decb423ead4b5f89be94f7b) Importer(815301076,1909f56bfc062723c751e8b465ee728b)
Start importing Assets/Scripts/Net/FMETPSendRelay.cs using Guid(aff1b0504decb423ead4b5f89be94f7b) Importer(815301076,1909f56bfc062723c751e8b465ee728b) (PreviewImporter) -> (artifact id: '00000000000000000000000000000000') in 0.000308125 seconds
Import Error Code:(4)
Message: Build asset version error: assets/scripts/net/fmetpsendrelay.cs in SourceAssetDB has modification time of '2025-08-10T11:23:20Z' while content on disk has modification time of '2025-08-10T11:33:50Z'
  ERROR: Build asset version error: assets/scripts/net/fmetpsendrelay.cs in SourceAssetDB has modification time of '2025-08-10T11:23:20Z' while content on disk has modification time of '2025-08-10T11:33:50Z'
Number of updated asset objects reloaded before import = 0Number of asset objects unloaded after import = 0

========================================================================
Received Import Request.
  Time since last request: 0.000652 seconds.
  path: Assets/Scripts/Net/FMETPSendRelay.cs
  artifactKey: Guid(aff1b0504decb423ead4b5f89be94f7b) Importer(815301076,1909f56bfc062723c751e8b465ee728b)
Start importing Assets/Scripts/Net/FMETPSendRelay.cs using Guid(aff1b0504decb423ead4b5f89be94f7b) Importer(815301076,1909f56bfc062723c751e8b465ee728b) (PreviewImporter) -> (artifact id: '00000000000000000000000000000000') in 0.000300667 seconds
Import Error Code:(4)
Message: Build asset version error: assets/scripts/net/fmetpsendrelay.cs in SourceAssetDB has modification time of '2025-08-10T11:23:20Z' while content on disk has modification time of '2025-08-10T11:33:50Z'
  ERROR: Build asset version error: assets/scripts/net/fmetpsendrelay.cs in SourceAssetDB has modification time of '2025-08-10T11:23:20Z' while content on disk has modification time of '2025-08-10T11:33:50Z'
Number of updated asset objects reloaded before import = 0Number of asset objects unloaded after import = 0

========================================================================
Received Import Request.
  Time since last request: 0.000051 seconds.
  path: Assets/Scripts/Net/FMETPSendRelay.cs
  artifactKey: Guid(aff1b0504decb423ead4b5f89be94f7b) Importer(815301076,1909f56bfc062723c751e8b465ee728b)
Start importing Assets/Scripts/Net/FMETPSendRelay.cs using Guid(aff1b0504decb423ead4b5f89be94f7b) Importer(815301076,1909f56bfc062723c751e8b465ee728b) (PreviewImporter) -> (artifact id: '00000000000000000000000000000000') in 0.000274833 seconds
Import Error Code:(4)
Message: Build asset version error: assets/scripts/net/fmetpsendrelay.cs in SourceAssetDB has modification time of '2025-08-10T11:23:20Z' while content on disk has modification time of '2025-08-10T11:33:50Z'
  ERROR: Build asset version error: assets/scripts/net/fmetpsendrelay.cs in SourceAssetDB has modification time of '2025-08-10T11:23:20Z' while content on disk has modification time of '2025-08-10T11:33:50Z'
Number of updated asset objects reloaded before import = 0Number of asset objects unloaded after import = 0

========================================================================
Received Import Request.
  Time since last request: 0.000062 seconds.
  path: Assets/Scripts/Net/FMETPSendRelay.cs
  artifactKey: Guid(aff1b0504decb423ead4b5f89be94f7b) Importer(815301076,1909f56bfc062723c751e8b465ee728b)
Start importing Assets/Scripts/Net/FMETPSendRelay.cs using Guid(aff1b0504decb423ead4b5f89be94f7b) Importer(815301076,1909f56bfc062723c751e8b465ee728b) (PreviewImporter) -> (artifact id: '00000000000000000000000000000000') in 0.000306375 seconds
Import Error Code:(4)
Message: Build asset version error: assets/scripts/net/fmetpsendrelay.cs in SourceAssetDB has modification time of '2025-08-10T11:23:20Z' while content on disk has modification time of '2025-08-10T11:33:50Z'
  ERROR: Build asset version error: assets/scripts/net/fmetpsendrelay.cs in SourceAssetDB has modification time of '2025-08-10T11:23:20Z' while content on disk has modification time of '2025-08-10T11:33:50Z'
Number of updated asset objects reloaded before import = 0Number of asset objects unloaded after import = 0

========================================================================
Received Import Request.
  Time since last request: 0.004061 seconds.
  path: Assets/Scripts/Net/FMETPSendRelay.cs
  artifactKey: Guid(aff1b0504decb423ead4b5f89be94f7b) Importer(815301076,1909f56bfc062723c751e8b465ee728b)
Start importing Assets/Scripts/Net/FMETPSendRelay.cs using Guid(aff1b0504decb423ead4b5f89be94f7b) Importer(815301076,1909f56bfc062723c751e8b465ee728b) (PreviewImporter) -> (artifact id: '00000000000000000000000000000000') in 0.000282 seconds
Import Error Code:(4)
Message: Build asset version error: assets/scripts/net/fmetpsendrelay.cs in SourceAssetDB has modification time of '2025-08-10T11:23:20Z' while content on disk has modification time of '2025-08-10T11:33:50Z'
  ERROR: Build asset version error: assets/scripts/net/fmetpsendrelay.cs in SourceAssetDB has modification time of '2025-08-10T11:23:20Z' while content on disk has modification time of '2025-08-10T11:33:50Z'
Number of updated asset objects reloaded before import = 0Number of asset objects unloaded after import = 0

========================================================================
Received Import Request.
  Time since last request: 0.000075 seconds.
  path: Assets/Scripts/Net/FMETPSendRelay.cs
  artifactKey: Guid(aff1b0504decb423ead4b5f89be94f7b) Importer(815301076,1909f56bfc062723c751e8b465ee728b)
Start importing Assets/Scripts/Net/FMETPSendRelay.cs using Guid(aff1b0504decb423ead4b5f89be94f7b) Importer(815301076,1909f56bfc062723c751e8b465ee728b) (PreviewImporter) -> (artifact id: '00000000000000000000000000000000') in 0.000291833 seconds
Import Error Code:(4)
Message: Build asset version error: assets/scripts/net/fmetpsendrelay.cs in SourceAssetDB has modification time of '2025-08-10T11:23:20Z' while content on disk has modification time of '2025-08-10T11:33:50Z'
  ERROR: Build asset version error: assets/scripts/net/fmetpsendrelay.cs in SourceAssetDB has modification time of '2025-08-10T11:23:20Z' while content on disk has modification time of '2025-08-10T11:33:50Z'
Number of updated asset objects reloaded before import = 0Number of asset objects unloaded after import = 0

========================================================================
Received Import Request.
  Time since last request: 0.000058 seconds.
  path: Assets/Scripts/Net/FMETPSendRelay.cs
  artifactKey: Guid(aff1b0504decb423ead4b5f89be94f7b) Importer(815301076,1909f56bfc062723c751e8b465ee728b)
Start importing Assets/Scripts/Net/FMETPSendRelay.cs using Guid(aff1b0504decb423ead4b5f89be94f7b) Importer(815301076,1909f56bfc062723c751e8b465ee728b) (PreviewImporter) -> (artifact id: '00000000000000000000000000000000') in 0.000282 seconds
Import Error Code:(4)
Message: Build asset version error: assets/scripts/net/fmetpsendrelay.cs in SourceAssetDB has modification time of '2025-08-10T11:23:20Z' while content on disk has modification time of '2025-08-10T11:33:50Z'
  ERROR: Build asset version error: assets/scripts/net/fmetpsendrelay.cs in SourceAssetDB has modification time of '2025-08-10T11:23:20Z' while content on disk has modification time of '2025-08-10T11:33:50Z'
Number of updated asset objects reloaded before import = 0Number of asset objects unloaded after import = 0

========================================================================
Received Import Request.
  Time since last request: 0.000058 seconds.
  path: Assets/Scripts/Net/FMETPSendRelay.cs
  artifactKey: Guid(aff1b0504decb423ead4b5f89be94f7b) Importer(815301076,1909f56bfc062723c751e8b465ee728b)
Start importing Assets/Scripts/Net/FMETPSendRelay.cs using Guid(aff1b0504decb423ead4b5f89be94f7b) Importer(815301076,1909f56bfc062723c751e8b465ee728b) (PreviewImporter) -> (artifact id: '00000000000000000000000000000000') in 0.000272708 seconds
Import Error Code:(4)
Message: Build asset version error: assets/scripts/net/fmetpsendrelay.cs in SourceAssetDB has modification time of '2025-08-10T11:23:20Z' while content on disk has modification time of '2025-08-10T11:33:50Z'
  ERROR: Build asset version error: assets/scripts/net/fmetpsendrelay.cs in SourceAssetDB has modification time of '2025-08-10T11:23:20Z' while content on disk has modification time of '2025-08-10T11:33:50Z'
Number of updated asset objects reloaded before import = 0Number of asset objects unloaded after import = 0

========================================================================
Received Import Request.
  Time since last request: 0.000047 seconds.
  path: Assets/Scripts/Net/FMETPSendRelay.cs
  artifactKey: Guid(aff1b0504decb423ead4b5f89be94f7b) Importer(815301076,1909f56bfc062723c751e8b465ee728b)
Start importing Assets/Scripts/Net/FMETPSendRelay.cs using Guid(aff1b0504decb423ead4b5f89be94f7b) Importer(815301076,1909f56bfc062723c751e8b465ee728b) (PreviewImporter) -> (artifact id: '00000000000000000000000000000000') in 0.000294083 seconds
Import Error Code:(4)
Message: Build asset version error: assets/scripts/net/fmetpsendrelay.cs in SourceAssetDB has modification time of '2025-08-10T11:23:20Z' while content on disk has modification time of '2025-08-10T11:33:50Z'
  ERROR: Build asset version error: assets/scripts/net/fmetpsendrelay.cs in SourceAssetDB has modification time of '2025-08-10T11:23:20Z' while content on disk has modification time of '2025-08-10T11:33:50Z'
Number of updated asset objects reloaded before import = 0Number of asset objects unloaded after import = 0

========================================================================
Received Import Request.
  Time since last request: 0.000040 seconds.
  path: Assets/Scripts/Net/FMETPSendRelay.cs
  artifactKey: Guid(aff1b0504decb423ead4b5f89be94f7b) Importer(815301076,1909f56bfc062723c751e8b465ee728b)
Start importing Assets/Scripts/Net/FMETPSendRelay.cs using Guid(aff1b0504decb423ead4b5f89be94f7b) Importer(815301076,1909f56bfc062723c751e8b465ee728b) (PreviewImporter) -> (artifact id: '00000000000000000000000000000000') in 0.000278917 seconds
Import Error Code:(4)
Message: Build asset version error: assets/scripts/net/fmetpsendrelay.cs in SourceAssetDB has modification time of '2025-08-10T11:23:20Z' while content on disk has modification time of '2025-08-10T11:33:50Z'
  ERROR: Build asset version error: assets/scripts/net/fmetpsendrelay.cs in SourceAssetDB has modification time of '2025-08-10T11:23:20Z' while content on disk has modification time of '2025-08-10T11:33:50Z'
Number of updated asset objects reloaded before import = 0Number of asset objects unloaded after import = 0

========================================================================
Received Import Request.
  Time since last request: 0.002050 seconds.
  path: Assets/Scripts/Net/FMETPSendRelay.cs
  artifactKey: Guid(aff1b0504decb423ead4b5f89be94f7b) Importer(815301076,1909f56bfc062723c751e8b465ee728b)
Start importing Assets/Scripts/Net/FMETPSendRelay.cs using Guid(aff1b0504decb423ead4b5f89be94f7b) Importer(815301076,1909f56bfc062723c751e8b465ee728b) (PreviewImporter) -> (artifact id: '00000000000000000000000000000000') in 0.000345958 seconds
Import Error Code:(4)
Message: Build asset version error: assets/scripts/net/fmetpsendrelay.cs in SourceAssetDB has modification time of '2025-08-10T11:23:20Z' while content on disk has modification time of '2025-08-10T11:33:50Z'
  ERROR: Build asset version error: assets/scripts/net/fmetpsendrelay.cs in SourceAssetDB has modification time of '2025-08-10T11:23:20Z' while content on disk has modification time of '2025-08-10T11:33:50Z'
Number of updated asset objects reloaded before import = 0Number of asset objects unloaded after import = 0

========================================================================
Received Import Request.
  Time since last request: 0.004384 seconds.
  path: Assets/Scripts/Net/FMETPSendRelay.cs
  artifactKey: Guid(aff1b0504decb423ead4b5f89be94f7b) Importer(815301076,1909f56bfc062723c751e8b465ee728b)
Start importing Assets/Scripts/Net/FMETPSendRelay.cs using Guid(aff1b0504decb423ead4b5f89be94f7b) Importer(815301076,1909f56bfc062723c751e8b465ee728b) (PreviewImporter) -> (artifact id: '00000000000000000000000000000000') in 0.000342291 seconds
Import Error Code:(4)
Message: Build asset version error: assets/scripts/net/fmetpsendrelay.cs in SourceAssetDB has modification time of '2025-08-10T11:23:20Z' while content on disk has modification time of '2025-08-10T11:33:50Z'
  ERROR: Build asset version error: assets/scripts/net/fmetpsendrelay.cs in SourceAssetDB has modification time of '2025-08-10T11:23:20Z' while content on disk has modification time of '2025-08-10T11:33:50Z'
Number of updated asset objects reloaded before import = 0Number of asset objects unloaded after import = 0

========================================================================
Received Import Request.
  Time since last request: 0.000070 seconds.
  path: Assets/Scripts/Net/FMETPSendRelay.cs
  artifactKey: Guid(aff1b0504decb423ead4b5f89be94f7b) Importer(815301076,1909f56bfc062723c751e8b465ee728b)
Start importing Assets/Scripts/Net/FMETPSendRelay.cs using Guid(aff1b0504decb423ead4b5f89be94f7b) Importer(815301076,1909f56bfc062723c751e8b465ee728b) (PreviewImporter) -> (artifact id: '00000000000000000000000000000000') in 0.00042925 seconds
Import Error Code:(4)
Message: Build asset version error: assets/scripts/net/fmetpsendrelay.cs in SourceAssetDB has modification time of '2025-08-10T11:23:20Z' while content on disk has modification time of '2025-08-10T11:33:50Z'
  ERROR: Build asset version error: assets/scripts/net/fmetpsendrelay.cs in SourceAssetDB has modification time of '2025-08-10T11:23:20Z' while content on disk has modification time of '2025-08-10T11:33:50Z'
Number of updated asset objects reloaded before import = 0Number of asset objects unloaded after import = 0

========================================================================
Received Import Request.
  Time since last request: 0.003867 seconds.
  path: Assets/Scripts/Net/FMETPSendRelay.cs
  artifactKey: Guid(aff1b0504decb423ead4b5f89be94f7b) Importer(815301076,1909f56bfc062723c751e8b465ee728b)
Start importing Assets/Scripts/Net/FMETPSendRelay.cs using Guid(aff1b0504decb423ead4b5f89be94f7b) Importer(815301076,1909f56bfc062723c751e8b465ee728b) (PreviewImporter) -> (artifact id: '00000000000000000000000000000000') in 0.000293875 seconds
Import Error Code:(4)
Message: Build asset version error: assets/scripts/net/fmetpsendrelay.cs in SourceAssetDB has modification time of '2025-08-10T11:23:20Z' while content on disk has modification time of '2025-08-10T11:33:50Z'
  ERROR: Build asset version error: assets/scripts/net/fmetpsendrelay.cs in SourceAssetDB has modification time of '2025-08-10T11:23:20Z' while content on disk has modification time of '2025-08-10T11:33:50Z'
Number of updated asset objects reloaded before import = 0Number of asset objects unloaded after import = 0

========================================================================
Received Import Request.
  Time since last request: 0.001959 seconds.
  path: Assets/Scripts/Net/FMETPSendRelay.cs
  artifactKey: Guid(aff1b0504decb423ead4b5f89be94f7b) Importer(815301076,1909f56bfc062723c751e8b465ee728b)
Start importing Assets/Scripts/Net/FMETPSendRelay.cs using Guid(aff1b0504decb423ead4b5f89be94f7b) Importer(815301076,1909f56bfc062723c751e8b465ee728b) (PreviewImporter) -> (artifact id: '00000000000000000000000000000000') in 0.000290125 seconds
Import Error Code:(4)
Message: Build asset version error: assets/scripts/net/fmetpsendrelay.cs in SourceAssetDB has modification time of '2025-08-10T11:23:20Z' while content on disk has modification time of '2025-08-10T11:33:50Z'
  ERROR: Build asset version error: assets/scripts/net/fmetpsendrelay.cs in SourceAssetDB has modification time of '2025-08-10T11:23:20Z' while content on disk has modification time of '2025-08-10T11:33:50Z'
Number of updated asset objects reloaded before import = 0Number of asset objects unloaded after import = 0

========================================================================
Received Import Request.
  Time since last request: 0.000048 seconds.
  path: Assets/Scripts/Net/FMETPSendRelay.cs
  artifactKey: Guid(aff1b0504decb423ead4b5f89be94f7b) Importer(815301076,1909f56bfc062723c751e8b465ee728b)
Start importing Assets/Scripts/Net/FMETPSendRelay.cs using Guid(aff1b0504decb423ead4b5f89be94f7b) Importer(815301076,1909f56bfc062723c751e8b465ee728b) (PreviewImporter) -> (artifact id: '00000000000000000000000000000000') in 0.00030925 seconds
Import Error Code:(4)
Message: Build asset version error: assets/scripts/net/fmetpsendrelay.cs in SourceAssetDB has modification time of '2025-08-10T11:23:20Z' while content on disk has modification time of '2025-08-10T11:33:50Z'
  ERROR: Build asset version error: assets/scripts/net/fmetpsendrelay.cs in SourceAssetDB has modification time of '2025-08-10T11:23:20Z' while content on disk has modification time of '2025-08-10T11:33:50Z'
Number of updated asset objects reloaded before import = 0Number of asset objects unloaded after import = 0

========================================================================
Received Import Request.
  Time since last request: 0.000062 seconds.
  path: Assets/Scripts/Net/FMETPSendRelay.cs
  artifactKey: Guid(aff1b0504decb423ead4b5f89be94f7b) Importer(815301076,1909f56bfc062723c751e8b465ee728b)
Start importing Assets/Scripts/Net/FMETPSendRelay.cs using Guid(aff1b0504decb423ead4b5f89be94f7b) Importer(815301076,1909f56bfc062723c751e8b465ee728b) (PreviewImporter) -> (artifact id: '00000000000000000000000000000000') in 0.000286125 seconds
Import Error Code:(4)
Message: Build asset version error: assets/scripts/net/fmetpsendrelay.cs in SourceAssetDB has modification time of '2025-08-10T11:23:20Z' while content on disk has modification time of '2025-08-10T11:33:50Z'
  ERROR: Build asset version error: assets/scripts/net/fmetpsendrelay.cs in SourceAssetDB has modification time of '2025-08-10T11:23:20Z' while content on disk has modification time of '2025-08-10T11:33:50Z'
Number of updated asset objects reloaded before import = 0Number of asset objects unloaded after import = 0

========================================================================
Received Import Request.
  Time since last request: 0.000064 seconds.
  path: Assets/Scripts/Net/FMETPSendRelay.cs
  artifactKey: Guid(aff1b0504decb423ead4b5f89be94f7b) Importer(815301076,1909f56bfc062723c751e8b465ee728b)
Start importing Assets/Scripts/Net/FMETPSendRelay.cs using Guid(aff1b0504decb423ead4b5f89be94f7b) Importer(815301076,1909f56bfc062723c751e8b465ee728b) (PreviewImporter) -> (artifact id: '00000000000000000000000000000000') in 0.000289084 seconds
Import Error Code:(4)
Message: Build asset version error: assets/scripts/net/fmetpsendrelay.cs in SourceAssetDB has modification time of '2025-08-10T11:23:20Z' while content on disk has modification time of '2025-08-10T11:33:50Z'
  ERROR: Build asset version error: assets/scripts/net/fmetpsendrelay.cs in SourceAssetDB has modification time of '2025-08-10T11:23:20Z' while content on disk has modification time of '2025-08-10T11:33:50Z'
Number of updated asset objects reloaded before import = 0Number of asset objects unloaded after import = 0

========================================================================
Received Import Request.
  Time since last request: 0.001877 seconds.
  path: Assets/Scripts/Net/FMETPSendRelay.cs
  artifactKey: Guid(aff1b0504decb423ead4b5f89be94f7b) Importer(815301076,1909f56bfc062723c751e8b465ee728b)
Start importing Assets/Scripts/Net/FMETPSendRelay.cs using Guid(aff1b0504decb423ead4b5f89be94f7b) Importer(815301076,1909f56bfc062723c751e8b465ee728b) (PreviewImporter) -> (artifact id: '00000000000000000000000000000000') in 0.001332167 seconds
Import Error Code:(4)
Message: Build asset version error: assets/scripts/net/fmetpsendrelay.cs in SourceAssetDB has modification time of '2025-08-10T11:23:20Z' while content on disk has modification time of '2025-08-10T11:33:50Z'
  ERROR: Build asset version error: assets/scripts/net/fmetpsendrelay.cs in SourceAssetDB has modification time of '2025-08-10T11:23:20Z' while content on disk has modification time of '2025-08-10T11:33:50Z'
Number of updated asset objects reloaded before import = 0Number of asset objects unloaded after import = 0

========================================================================
Received Import Request.
  Time since last request: 0.003159 seconds.
  path: Assets/Scripts/Net/FMETPSendRelay.cs
  artifactKey: Guid(aff1b0504decb423ead4b5f89be94f7b) Importer(815301076,1909f56bfc062723c751e8b465ee728b)
Start importing Assets/Scripts/Net/FMETPSendRelay.cs using Guid(aff1b0504decb423ead4b5f89be94f7b) Importer(815301076,1909f56bfc062723c751e8b465ee728b) (PreviewImporter) -> (artifact id: '00000000000000000000000000000000') in 0.000366709 seconds
Import Error Code:(4)
Message: Build asset version error: assets/scripts/net/fmetpsendrelay.cs in SourceAssetDB has modification time of '2025-08-10T11:23:20Z' while content on disk has modification time of '2025-08-10T11:33:50Z'
  ERROR: Build asset version error: assets/scripts/net/fmetpsendrelay.cs in SourceAssetDB has modification time of '2025-08-10T11:23:20Z' while content on disk has modification time of '2025-08-10T11:33:50Z'
Number of updated asset objects reloaded before import = 0Number of asset objects unloaded after import = 0

========================================================================
Received Import Request.
  Time since last request: 0.000042 seconds.
  path: Assets/Scripts/Net/FMETPSendRelay.cs
  artifactKey: Guid(aff1b0504decb423ead4b5f89be94f7b) Importer(815301076,1909f56bfc062723c751e8b465ee728b)
Start importing Assets/Scripts/Net/FMETPSendRelay.cs using Guid(aff1b0504decb423ead4b5f89be94f7b) Importer(815301076,1909f56bfc062723c751e8b465ee728b) (PreviewImporter) -> (artifact id: '00000000000000000000000000000000') in 0.000375417 seconds
Import Error Code:(4)
Message: Build asset version error: assets/scripts/net/fmetpsendrelay.cs in SourceAssetDB has modification time of '2025-08-10T11:23:20Z' while content on disk has modification time of '2025-08-10T11:33:50Z'
  ERROR: Build asset version error: assets/scripts/net/fmetpsendrelay.cs in SourceAssetDB has modification time of '2025-08-10T11:23:20Z' while content on disk has modification time of '2025-08-10T11:33:50Z'
Number of updated asset objects reloaded before import = 0Number of asset objects unloaded after import = 0

========================================================================
Received Import Request.
  Time since last request: 0.000053 seconds.
  path: Assets/Scripts/Net/FMETPSendRelay.cs
  artifactKey: Guid(aff1b0504decb423ead4b5f89be94f7b) Importer(815301076,1909f56bfc062723c751e8b465ee728b)
Start importing Assets/Scripts/Net/FMETPSendRelay.cs using Guid(aff1b0504decb423ead4b5f89be94f7b) Importer(815301076,1909f56bfc062723c751e8b465ee728b) (PreviewImporter) -> (artifact id: '00000000000000000000000000000000') in 0.0003725 seconds
Import Error Code:(4)
Message: Build asset version error: assets/scripts/net/fmetpsendrelay.cs in SourceAssetDB has modification time of '2025-08-10T11:23:20Z' while content on disk has modification time of '2025-08-10T11:33:50Z'
  ERROR: Build asset version error: assets/scripts/net/fmetpsendrelay.cs in SourceAssetDB has modification time of '2025-08-10T11:23:20Z' while content on disk has modification time of '2025-08-10T11:33:50Z'
Number of updated asset objects reloaded before import = 0Number of asset objects unloaded after import = 0

========================================================================
Received Import Request.
  Time since last request: 0.000089 seconds.
  path: Assets/Scripts/Net/FMETPSendRelay.cs
  artifactKey: Guid(aff1b0504decb423ead4b5f89be94f7b) Importer(815301076,1909f56bfc062723c751e8b465ee728b)
Start importing Assets/Scripts/Net/FMETPSendRelay.cs using Guid(aff1b0504decb423ead4b5f89be94f7b) Importer(815301076,1909f56bfc062723c751e8b465ee728b) (PreviewImporter) -> (artifact id: '00000000000000000000000000000000') in 0.000308 seconds
Import Error Code:(4)
Message: Build asset version error: assets/scripts/net/fmetpsendrelay.cs in SourceAssetDB has modification time of '2025-08-10T11:23:20Z' while content on disk has modification time of '2025-08-10T11:33:50Z'
  ERROR: Build asset version error: assets/scripts/net/fmetpsendrelay.cs in SourceAssetDB has modification time of '2025-08-10T11:23:20Z' while content on disk has modification time of '2025-08-10T11:33:50Z'
Number of updated asset objects reloaded before import = 0Number of asset objects unloaded after import = 0

========================================================================
Received Import Request.
  Time since last request: 0.000061 seconds.
  path: Assets/Scripts/Net/FMETPSendRelay.cs
  artifactKey: Guid(aff1b0504decb423ead4b5f89be94f7b) Importer(815301076,1909f56bfc062723c751e8b465ee728b)
Start importing Assets/Scripts/Net/FMETPSendRelay.cs using Guid(aff1b0504decb423ead4b5f89be94f7b) Importer(815301076,1909f56bfc062723c751e8b465ee728b) (PreviewImporter) -> (artifact id: '00000000000000000000000000000000') in 0.000361416 seconds
Import Error Code:(4)
Message: Build asset version error: assets/scripts/net/fmetpsendrelay.cs in SourceAssetDB has modification time of '2025-08-10T11:23:20Z' while content on disk has modification time of '2025-08-10T11:33:50Z'
  ERROR: Build asset version error: assets/scripts/net/fmetpsendrelay.cs in SourceAssetDB has modification time of '2025-08-10T11:23:20Z' while content on disk has modification time of '2025-08-10T11:33:50Z'
Number of updated asset objects reloaded before import = 0Number of asset objects unloaded after import = 0

========================================================================
Received Import Request.
  Time since last request: 0.000038 seconds.
  path: Assets/Scripts/Net/FMETPSendRelay.cs
  artifactKey: Guid(aff1b0504decb423ead4b5f89be94f7b) Importer(815301076,1909f56bfc062723c751e8b465ee728b)
Start importing Assets/Scripts/Net/FMETPSendRelay.cs using Guid(aff1b0504decb423ead4b5f89be94f7b) Importer(815301076,1909f56bfc062723c751e8b465ee728b) (PreviewImporter) -> (artifact id: '00000000000000000000000000000000') in 0.000277541 seconds
Import Error Code:(4)
Message: Build asset version error: assets/scripts/net/fmetpsendrelay.cs in SourceAssetDB has modification time of '2025-08-10T11:23:20Z' while content on disk has modification time of '2025-08-10T11:33:50Z'
  ERROR: Build asset version error: assets/scripts/net/fmetpsendrelay.cs in SourceAssetDB has modification time of '2025-08-10T11:23:20Z' while content on disk has modification time of '2025-08-10T11:33:50Z'
Number of updated asset objects reloaded before import = 0Number of asset objects unloaded after import = 0

========================================================================
Received Import Request.
  Time since last request: 0.000849 seconds.
  path: Assets/Scripts/Net/FMETPSendRelay.cs
  artifactKey: Guid(aff1b0504decb423ead4b5f89be94f7b) Importer(815301076,1909f56bfc062723c751e8b465ee728b)
Start importing Assets/Scripts/Net/FMETPSendRelay.cs using Guid(aff1b0504decb423ead4b5f89be94f7b) Importer(815301076,1909f56bfc062723c751e8b465ee728b) (PreviewImporter) -> (artifact id: '00000000000000000000000000000000') in 0.000279958 seconds
Import Error Code:(4)
Message: Build asset version error: assets/scripts/net/fmetpsendrelay.cs in SourceAssetDB has modification time of '2025-08-10T11:23:20Z' while content on disk has modification time of '2025-08-10T11:33:50Z'
  ERROR: Build asset version error: assets/scripts/net/fmetpsendrelay.cs in SourceAssetDB has modification time of '2025-08-10T11:23:20Z' while content on disk has modification time of '2025-08-10T11:33:50Z'
Number of updated asset objects reloaded before import = 0Number of asset objects unloaded after import = 0

========================================================================
Received Import Request.
  Time since last request: 0.000046 seconds.
  path: Assets/Scripts/Net/FMETPSendRelay.cs
  artifactKey: Guid(aff1b0504decb423ead4b5f89be94f7b) Importer(815301076,1909f56bfc062723c751e8b465ee728b)
Start importing Assets/Scripts/Net/FMETPSendRelay.cs using Guid(aff1b0504decb423ead4b5f89be94f7b) Importer(815301076,1909f56bfc062723c751e8b465ee728b) (PreviewImporter) -> (artifact id: '00000000000000000000000000000000') in 0.000285375 seconds
Import Error Code:(4)
Message: Build asset version error: assets/scripts/net/fmetpsendrelay.cs in SourceAssetDB has modification time of '2025-08-10T11:23:20Z' while content on disk has modification time of '2025-08-10T11:33:50Z'
  ERROR: Build asset version error: assets/scripts/net/fmetpsendrelay.cs in SourceAssetDB has modification time of '2025-08-10T11:23:20Z' while content on disk has modification time of '2025-08-10T11:33:50Z'
Number of updated asset objects reloaded before import = 0Number of asset objects unloaded after import = 0

========================================================================
Received Import Request.
  Time since last request: 0.000035 seconds.
  path: Assets/Scripts/Net/FMETPSendRelay.cs
  artifactKey: Guid(aff1b0504decb423ead4b5f89be94f7b) Importer(815301076,1909f56bfc062723c751e8b465ee728b)
Start importing Assets/Scripts/Net/FMETPSendRelay.cs using Guid(aff1b0504decb423ead4b5f89be94f7b) Importer(815301076,1909f56bfc062723c751e8b465ee728b) (PreviewImporter) -> (artifact id: '00000000000000000000000000000000') in 0.000393958 seconds
Import Error Code:(4)
Message: Build asset version error: assets/scripts/net/fmetpsendrelay.cs in SourceAssetDB has modification time of '2025-08-10T11:23:20Z' while content on disk has modification time of '2025-08-10T11:33:50Z'
  ERROR: Build asset version error: assets/scripts/net/fmetpsendrelay.cs in SourceAssetDB has modification time of '2025-08-10T11:23:20Z' while content on disk has modification time of '2025-08-10T11:33:50Z'
Number of updated asset objects reloaded before import = 0Number of asset objects unloaded after import = 0

========================================================================
Received Import Request.
  Time since last request: 0.000036 seconds.
  path: Assets/Scripts/Net/FMETPSendRelay.cs
  artifactKey: Guid(aff1b0504decb423ead4b5f89be94f7b) Importer(815301076,1909f56bfc062723c751e8b465ee728b)
Start importing Assets/Scripts/Net/FMETPSendRelay.cs using Guid(aff1b0504decb423ead4b5f89be94f7b) Importer(815301076,1909f56bfc062723c751e8b465ee728b) (PreviewImporter) -> (artifact id: '00000000000000000000000000000000') in 0.000292833 seconds
Import Error Code:(4)
Message: Build asset version error: assets/scripts/net/fmetpsendrelay.cs in SourceAssetDB has modification time of '2025-08-10T11:23:20Z' while content on disk has modification time of '2025-08-10T11:33:50Z'
  ERROR: Build asset version error: assets/scripts/net/fmetpsendrelay.cs in SourceAssetDB has modification time of '2025-08-10T11:23:20Z' while content on disk has modification time of '2025-08-10T11:33:50Z'
Number of updated asset objects reloaded before import = 0Number of asset objects unloaded after import = 0

========================================================================
Received Import Request.
  Time since last request: 0.000589 seconds.
  path: Assets/Scripts/Net/FMETPSendRelay.cs
  artifactKey: Guid(aff1b0504decb423ead4b5f89be94f7b) Importer(815301076,1909f56bfc062723c751e8b465ee728b)
Start importing Assets/Scripts/Net/FMETPSendRelay.cs using Guid(aff1b0504decb423ead4b5f89be94f7b) Importer(815301076,1909f56bfc062723c751e8b465ee728b) (PreviewImporter) -> (artifact id: '00000000000000000000000000000000') in 0.000261625 seconds
Import Error Code:(4)
Message: Build asset version error: assets/scripts/net/fmetpsendrelay.cs in SourceAssetDB has modification time of '2025-08-10T11:23:20Z' while content on disk has modification time of '2025-08-10T11:33:50Z'
  ERROR: Build asset version error: assets/scripts/net/fmetpsendrelay.cs in SourceAssetDB has modification time of '2025-08-10T11:23:20Z' while content on disk has modification time of '2025-08-10T11:33:50Z'
Number of updated asset objects reloaded before import = 0Number of asset objects unloaded after import = 0

========================================================================
Received Import Request.
  Time since last request: 0.000054 seconds.
  path: Assets/Scripts/Net/FMETPSendRelay.cs
  artifactKey: Guid(aff1b0504decb423ead4b5f89be94f7b) Importer(815301076,1909f56bfc062723c751e8b465ee728b)
Start importing Assets/Scripts/Net/FMETPSendRelay.cs using Guid(aff1b0504decb423ead4b5f89be94f7b) Importer(815301076,1909f56bfc062723c751e8b465ee728b) (PreviewImporter) -> (artifact id: '00000000000000000000000000000000') in 0.000265041 seconds
Import Error Code:(4)
Message: Build asset version error: assets/scripts/net/fmetpsendrelay.cs in SourceAssetDB has modification time of '2025-08-10T11:23:20Z' while content on disk has modification time of '2025-08-10T11:33:50Z'
  ERROR: Build asset version error: assets/scripts/net/fmetpsendrelay.cs in SourceAssetDB has modification time of '2025-08-10T11:23:20Z' while content on disk has modification time of '2025-08-10T11:33:50Z'
Number of updated asset objects reloaded before import = 0Number of asset objects unloaded after import = 0

========================================================================
Received Import Request.
  Time since last request: 0.000038 seconds.
  path: Assets/Scripts/Net/FMETPSendRelay.cs
  artifactKey: Guid(aff1b0504decb423ead4b5f89be94f7b) Importer(815301076,1909f56bfc062723c751e8b465ee728b)
Start importing Assets/Scripts/Net/FMETPSendRelay.cs using Guid(aff1b0504decb423ead4b5f89be94f7b) Importer(815301076,1909f56bfc062723c751e8b465ee728b) (PreviewImporter) -> (artifact id: '00000000000000000000000000000000') in 0.000360792 seconds
Import Error Code:(4)
Message: Build asset version error: assets/scripts/net/fmetpsendrelay.cs in SourceAssetDB has modification time of '2025-08-10T11:23:20Z' while content on disk has modification time of '2025-08-10T11:33:50Z'
  ERROR: Build asset version error: assets/scripts/net/fmetpsendrelay.cs in SourceAssetDB has modification time of '2025-08-10T11:23:20Z' while content on disk has modification time of '2025-08-10T11:33:50Z'
Number of updated asset objects reloaded before import = 0Number of asset objects unloaded after import = 0

========================================================================
Received Import Request.
  Time since last request: 0.000052 seconds.
  path: Assets/Scripts/Net/FMETPSendRelay.cs
  artifactKey: Guid(aff1b0504decb423ead4b5f89be94f7b) Importer(815301076,1909f56bfc062723c751e8b465ee728b)
Start importing Assets/Scripts/Net/FMETPSendRelay.cs using Guid(aff1b0504decb423ead4b5f89be94f7b) Importer(815301076,1909f56bfc062723c751e8b465ee728b) (PreviewImporter) -> (artifact id: '00000000000000000000000000000000') in 0.000302708 seconds
Import Error Code:(4)
Message: Build asset version error: assets/scripts/net/fmetpsendrelay.cs in SourceAssetDB has modification time of '2025-08-10T11:23:20Z' while content on disk has modification time of '2025-08-10T11:33:50Z'
  ERROR: Build asset version error: assets/scripts/net/fmetpsendrelay.cs in SourceAssetDB has modification time of '2025-08-10T11:23:20Z' while content on disk has modification time of '2025-08-10T11:33:50Z'
Number of updated asset objects reloaded before import = 0Number of asset objects unloaded after import = 0

========================================================================
Received Import Request.
  Time since last request: 0.000396 seconds.
  path: Assets/Scripts/Net/FMETPSendRelay.cs
  artifactKey: Guid(aff1b0504decb423ead4b5f89be94f7b) Importer(815301076,1909f56bfc062723c751e8b465ee728b)
Start importing Assets/Scripts/Net/FMETPSendRelay.cs using Guid(aff1b0504decb423ead4b5f89be94f7b) Importer(815301076,1909f56bfc062723c751e8b465ee728b) (PreviewImporter) -> (artifact id: '00000000000000000000000000000000') in 0.000276875 seconds
Import Error Code:(4)
Message: Build asset version error: assets/scripts/net/fmetpsendrelay.cs in SourceAssetDB has modification time of '2025-08-10T11:23:20Z' while content on disk has modification time of '2025-08-10T11:33:50Z'
  ERROR: Build asset version error: assets/scripts/net/fmetpsendrelay.cs in SourceAssetDB has modification time of '2025-08-10T11:23:20Z' while content on disk has modification time of '2025-08-10T11:33:50Z'
Number of updated asset objects reloaded before import = 0Number of asset objects unloaded after import = 0

========================================================================
Received Import Request.
  Time since last request: 0.000047 seconds.
  path: Assets/Scripts/Net/FMETPSendRelay.cs
  artifactKey: Guid(aff1b0504decb423ead4b5f89be94f7b) Importer(815301076,1909f56bfc062723c751e8b465ee728b)
Start importing Assets/Scripts/Net/FMETPSendRelay.cs using Guid(aff1b0504decb423ead4b5f89be94f7b) Importer(815301076,1909f56bfc062723c751e8b465ee728b) (PreviewImporter) -> (artifact id: '00000000000000000000000000000000') in 0.000496041 seconds
Import Error Code:(4)
Message: Build asset version error: assets/scripts/net/fmetpsendrelay.cs in SourceAssetDB has modification time of '2025-08-10T11:23:20Z' while content on disk has modification time of '2025-08-10T11:33:50Z'
  ERROR: Build asset version error: assets/scripts/net/fmetpsendrelay.cs in SourceAssetDB has modification time of '2025-08-10T11:23:20Z' while content on disk has modification time of '2025-08-10T11:33:50Z'
Number of updated asset objects reloaded before import = 0Number of asset objects unloaded after import = 0

========================================================================
Received Import Request.
  Time since last request: 0.000048 seconds.
  path: Assets/Scripts/Net/FMETPSendRelay.cs
  artifactKey: Guid(aff1b0504decb423ead4b5f89be94f7b) Importer(815301076,1909f56bfc062723c751e8b465ee728b)
Start importing Assets/Scripts/Net/FMETPSendRelay.cs using Guid(aff1b0504decb423ead4b5f89be94f7b) Importer(815301076,1909f56bfc062723c751e8b465ee728b) (PreviewImporter) -> (artifact id: '00000000000000000000000000000000') in 0.00026875 seconds
Import Error Code:(4)
Message: Build asset version error: assets/scripts/net/fmetpsendrelay.cs in SourceAssetDB has modification time of '2025-08-10T11:23:20Z' while content on disk has modification time of '2025-08-10T11:33:50Z'
  ERROR: Build asset version error: assets/scripts/net/fmetpsendrelay.cs in SourceAssetDB has modification time of '2025-08-10T11:23:20Z' while content on disk has modification time of '2025-08-10T11:33:50Z'
Number of updated asset objects reloaded before import = 0Number of asset objects unloaded after import = 0

========================================================================
Received Import Request.
  Time since last request: 0.000044 seconds.
  path: Assets/Scripts/Net/FMETPSendRelay.cs
  artifactKey: Guid(aff1b0504decb423ead4b5f89be94f7b) Importer(815301076,1909f56bfc062723c751e8b465ee728b)
Start importing Assets/Scripts/Net/FMETPSendRelay.cs using Guid(aff1b0504decb423ead4b5f89be94f7b) Importer(815301076,1909f56bfc062723c751e8b465ee728b) (PreviewImporter) -> (artifact id: '00000000000000000000000000000000') in 0.000274625 seconds
Import Error Code:(4)
Message: Build asset version error: assets/scripts/net/fmetpsendrelay.cs in SourceAssetDB has modification time of '2025-08-10T11:23:20Z' while content on disk has modification time of '2025-08-10T11:33:50Z'
  ERROR: Build asset version error: assets/scripts/net/fmetpsendrelay.cs in SourceAssetDB has modification time of '2025-08-10T11:23:20Z' while content on disk has modification time of '2025-08-10T11:33:50Z'
Number of updated asset objects reloaded before import = 0Number of asset objects unloaded after import = 0

========================================================================
Received Import Request.
  Time since last request: 0.000042 seconds.
  path: Assets/Scripts/Net/FMETPSendRelay.cs
  artifactKey: Guid(aff1b0504decb423ead4b5f89be94f7b) Importer(815301076,1909f56bfc062723c751e8b465ee728b)
Start importing Assets/Scripts/Net/FMETPSendRelay.cs using Guid(aff1b0504decb423ead4b5f89be94f7b) Importer(815301076,1909f56bfc062723c751e8b465ee728b) (PreviewImporter) -> (artifact id: '00000000000000000000000000000000') in 0.00026225 seconds
Import Error Code:(4)
Message: Build asset version error: assets/scripts/net/fmetpsendrelay.cs in SourceAssetDB has modification time of '2025-08-10T11:23:20Z' while content on disk has modification time of '2025-08-10T11:33:50Z'
  ERROR: Build asset version error: assets/scripts/net/fmetpsendrelay.cs in SourceAssetDB has modification time of '2025-08-10T11:23:20Z' while content on disk has modification time of '2025-08-10T11:33:50Z'
Number of updated asset objects reloaded before import = 0Number of asset objects unloaded after import = 0

========================================================================
Received Import Request.
  Time since last request: 0.000068 seconds.
  path: Assets/Scripts/Net/FMETPSendRelay.cs
  artifactKey: Guid(aff1b0504decb423ead4b5f89be94f7b) Importer(815301076,1909f56bfc062723c751e8b465ee728b)
Start importing Assets/Scripts/Net/FMETPSendRelay.cs using Guid(aff1b0504decb423ead4b5f89be94f7b) Importer(815301076,1909f56bfc062723c751e8b465ee728b) (PreviewImporter) -> (artifact id: '00000000000000000000000000000000') in 0.000275167 seconds
Import Error Code:(4)
Message: Build asset version error: assets/scripts/net/fmetpsendrelay.cs in SourceAssetDB has modification time of '2025-08-10T11:23:20Z' while content on disk has modification time of '2025-08-10T11:33:50Z'
  ERROR: Build asset version error: assets/scripts/net/fmetpsendrelay.cs in SourceAssetDB has modification time of '2025-08-10T11:23:20Z' while content on disk has modification time of '2025-08-10T11:33:50Z'
Number of updated asset objects reloaded before import = 0Number of asset objects unloaded after import = 0

========================================================================
Received Import Request.
  Time since last request: 0.000100 seconds.
  path: Assets/Scripts/Net/FMETPSendRelay.cs
  artifactKey: Guid(aff1b0504decb423ead4b5f89be94f7b) Importer(815301076,1909f56bfc062723c751e8b465ee728b)
Start importing Assets/Scripts/Net/FMETPSendRelay.cs using Guid(aff1b0504decb423ead4b5f89be94f7b) Importer(815301076,1909f56bfc062723c751e8b465ee728b) (PreviewImporter) -> (artifact id: '00000000000000000000000000000000') in 0.000271458 seconds
Import Error Code:(4)
Message: Build asset version error: assets/scripts/net/fmetpsendrelay.cs in SourceAssetDB has modification time of '2025-08-10T11:23:20Z' while content on disk has modification time of '2025-08-10T11:33:50Z'
  ERROR: Build asset version error: assets/scripts/net/fmetpsendrelay.cs in SourceAssetDB has modification time of '2025-08-10T11:23:20Z' while content on disk has modification time of '2025-08-10T11:33:50Z'
Number of updated asset objects reloaded before import = 0Number of asset objects unloaded after import = 0

========================================================================
Received Import Request.
  Time since last request: 0.000058 seconds.
  path: Assets/Scripts/Net/FMETPSendRelay.cs
  artifactKey: Guid(aff1b0504decb423ead4b5f89be94f7b) Importer(815301076,1909f56bfc062723c751e8b465ee728b)
Start importing Assets/Scripts/Net/FMETPSendRelay.cs using Guid(aff1b0504decb423ead4b5f89be94f7b) Importer(815301076,1909f56bfc062723c751e8b465ee728b) (PreviewImporter) -> (artifact id: '00000000000000000000000000000000') in 0.000315833 seconds
Import Error Code:(4)
Message: Build asset version error: assets/scripts/net/fmetpsendrelay.cs in SourceAssetDB has modification time of '2025-08-10T11:23:20Z' while content on disk has modification time of '2025-08-10T11:33:50Z'
  ERROR: Build asset version error: assets/scripts/net/fmetpsendrelay.cs in SourceAssetDB has modification time of '2025-08-10T11:23:20Z' while content on disk has modification time of '2025-08-10T11:33:50Z'
Number of updated asset objects reloaded before import = 0Number of asset objects unloaded after import = 0

========================================================================
Received Import Request.
  Time since last request: 0.000047 seconds.
  path: Assets/Scripts/Net/FMETPSendRelay.cs
  artifactKey: Guid(aff1b0504decb423ead4b5f89be94f7b) Importer(815301076,1909f56bfc062723c751e8b465ee728b)
Start importing Assets/Scripts/Net/FMETPSendRelay.cs using Guid(aff1b0504decb423ead4b5f89be94f7b) Importer(815301076,1909f56bfc062723c751e8b465ee728b) (PreviewImporter) -> (artifact id: '00000000000000000000000000000000') in 0.000284042 seconds
Import Error Code:(4)
Message: Build asset version error: assets/scripts/net/fmetpsendrelay.cs in SourceAssetDB has modification time of '2025-08-10T11:23:20Z' while content on disk has modification time of '2025-08-10T11:33:50Z'
  ERROR: Build asset version error: assets/scripts/net/fmetpsendrelay.cs in SourceAssetDB has modification time of '2025-08-10T11:23:20Z' while content on disk has modification time of '2025-08-10T11:33:50Z'
Number of updated asset objects reloaded before import = 0Number of asset objects unloaded after import = 0

========================================================================
Received Import Request.
  Time since last request: 0.000046 seconds.
  path: Assets/Scripts/Net/FMETPSendRelay.cs
  artifactKey: Guid(aff1b0504decb423ead4b5f89be94f7b) Importer(815301076,1909f56bfc062723c751e8b465ee728b)
Start importing Assets/Scripts/Net/FMETPSendRelay.cs using Guid(aff1b0504decb423ead4b5f89be94f7b) Importer(815301076,1909f56bfc062723c751e8b465ee728b) (PreviewImporter) -> (artifact id: '00000000000000000000000000000000') in 0.000279333 seconds
Import Error Code:(4)
Message: Build asset version error: assets/scripts/net/fmetpsendrelay.cs in SourceAssetDB has modification time of '2025-08-10T11:23:20Z' while content on disk has modification time of '2025-08-10T11:33:50Z'
  ERROR: Build asset version error: assets/scripts/net/fmetpsendrelay.cs in SourceAssetDB has modification time of '2025-08-10T11:23:20Z' while content on disk has modification time of '2025-08-10T11:33:50Z'
Number of updated asset objects reloaded before import = 0Number of asset objects unloaded after import = 0

========================================================================
Received Import Request.
  Time since last request: 0.000046 seconds.
  path: Assets/Scripts/Net/FMETPSendRelay.cs
  artifactKey: Guid(aff1b0504decb423ead4b5f89be94f7b) Importer(815301076,1909f56bfc062723c751e8b465ee728b)
Start importing Assets/Scripts/Net/FMETPSendRelay.cs using Guid(aff1b0504decb423ead4b5f89be94f7b) Importer(815301076,1909f56bfc062723c751e8b465ee728b) (PreviewImporter) -> (artifact id: '00000000000000000000000000000000') in 0.0002795 seconds
Import Error Code:(4)
Message: Build asset version error: assets/scripts/net/fmetpsendrelay.cs in SourceAssetDB has modification time of '2025-08-10T11:23:20Z' while content on disk has modification time of '2025-08-10T11:33:50Z'
  ERROR: Build asset version error: assets/scripts/net/fmetpsendrelay.cs in SourceAssetDB has modification time of '2025-08-10T11:23:20Z' while content on disk has modification time of '2025-08-10T11:33:50Z'
Number of updated asset objects reloaded before import = 0Number of asset objects unloaded after import = 0

========================================================================
Received Import Request.
  Time since last request: 0.000049 seconds.
  path: Assets/Scripts/Net/FMETPSendRelay.cs
  artifactKey: Guid(aff1b0504decb423ead4b5f89be94f7b) Importer(815301076,1909f56bfc062723c751e8b465ee728b)
Start importing Assets/Scripts/Net/FMETPSendRelay.cs using Guid(aff1b0504decb423ead4b5f89be94f7b) Importer(815301076,1909f56bfc062723c751e8b465ee728b) (PreviewImporter) -> (artifact id: '00000000000000000000000000000000') in 0.00029325 seconds
Import Error Code:(4)
Message: Build asset version error: assets/scripts/net/fmetpsendrelay.cs in SourceAssetDB has modification time of '2025-08-10T11:23:20Z' while content on disk has modification time of '2025-08-10T11:33:50Z'
  ERROR: Build asset version error: assets/scripts/net/fmetpsendrelay.cs in SourceAssetDB has modification time of '2025-08-10T11:23:20Z' while content on disk has modification time of '2025-08-10T11:33:50Z'
Number of updated asset objects reloaded before import = 0Number of asset objects unloaded after import = 0

========================================================================
Received Import Request.
  Time since last request: 0.002106 seconds.
  path: Assets/Scripts/Net/FMETPSendRelay.cs
  artifactKey: Guid(aff1b0504decb423ead4b5f89be94f7b) Importer(815301076,1909f56bfc062723c751e8b465ee728b)
Start importing Assets/Scripts/Net/FMETPSendRelay.cs using Guid(aff1b0504decb423ead4b5f89be94f7b) Importer(815301076,1909f56bfc062723c751e8b465ee728b) (PreviewImporter) -> (artifact id: '00000000000000000000000000000000') in 0.000289083 seconds
Import Error Code:(4)
Message: Build asset version error: assets/scripts/net/fmetpsendrelay.cs in SourceAssetDB has modification time of '2025-08-10T11:23:20Z' while content on disk has modification time of '2025-08-10T11:33:50Z'
  ERROR: Build asset version error: assets/scripts/net/fmetpsendrelay.cs in SourceAssetDB has modification time of '2025-08-10T11:23:20Z' while content on disk has modification time of '2025-08-10T11:33:50Z'
Number of updated asset objects reloaded before import = 0Number of asset objects unloaded after import = 0

========================================================================
Received Import Request.
  Time since last request: 0.000060 seconds.
  path: Assets/Scripts/Net/FMETPSendRelay.cs
  artifactKey: Guid(aff1b0504decb423ead4b5f89be94f7b) Importer(815301076,1909f56bfc062723c751e8b465ee728b)
Start importing Assets/Scripts/Net/FMETPSendRelay.cs using Guid(aff1b0504decb423ead4b5f89be94f7b) Importer(815301076,1909f56bfc062723c751e8b465ee728b) (PreviewImporter) -> (artifact id: '00000000000000000000000000000000') in 0.000323375 seconds
Import Error Code:(4)
Message: Build asset version error: assets/scripts/net/fmetpsendrelay.cs in SourceAssetDB has modification time of '2025-08-10T11:23:20Z' while content on disk has modification time of '2025-08-10T11:33:50Z'
  ERROR: Build asset version error: assets/scripts/net/fmetpsendrelay.cs in SourceAssetDB has modification time of '2025-08-10T11:23:20Z' while content on disk has modification time of '2025-08-10T11:33:50Z'
Number of updated asset objects reloaded before import = 0Number of asset objects unloaded after import = 0

========================================================================
Received Import Request.
  Time since last request: 0.001626 seconds.
  path: Assets/Scripts/Net/FMETPSendRelay.cs
  artifactKey: Guid(aff1b0504decb423ead4b5f89be94f7b) Importer(815301076,1909f56bfc062723c751e8b465ee728b)
Start importing Assets/Scripts/Net/FMETPSendRelay.cs using Guid(aff1b0504decb423ead4b5f89be94f7b) Importer(815301076,1909f56bfc062723c751e8b465ee728b) (PreviewImporter) -> (artifact id: '00000000000000000000000000000000') in 0.000281 seconds
Import Error Code:(4)
Message: Build asset version error: assets/scripts/net/fmetpsendrelay.cs in SourceAssetDB has modification time of '2025-08-10T11:23:20Z' while content on disk has modification time of '2025-08-10T11:33:50Z'
  ERROR: Build asset version error: assets/scripts/net/fmetpsendrelay.cs in SourceAssetDB has modification time of '2025-08-10T11:23:20Z' while content on disk has modification time of '2025-08-10T11:33:50Z'
Number of updated asset objects reloaded before import = 0Number of asset objects unloaded after import = 0

========================================================================
Received Import Request.
  Time since last request: 0.000052 seconds.
  path: Assets/Scripts/Net/FMETPSendRelay.cs
  artifactKey: Guid(aff1b0504decb423ead4b5f89be94f7b) Importer(815301076,1909f56bfc062723c751e8b465ee728b)
Start importing Assets/Scripts/Net/FMETPSendRelay.cs using Guid(aff1b0504decb423ead4b5f89be94f7b) Importer(815301076,1909f56bfc062723c751e8b465ee728b) (PreviewImporter) -> (artifact id: '00000000000000000000000000000000') in 0.000261167 seconds
Import Error Code:(4)
Message: Build asset version error: assets/scripts/net/fmetpsendrelay.cs in SourceAssetDB has modification time of '2025-08-10T11:23:20Z' while content on disk has modification time of '2025-08-10T11:33:50Z'
  ERROR: Build asset version error: assets/scripts/net/fmetpsendrelay.cs in SourceAssetDB has modification time of '2025-08-10T11:23:20Z' while content on disk has modification time of '2025-08-10T11:33:50Z'
Number of updated asset objects reloaded before import = 0Number of asset objects unloaded after import = 0

========================================================================
Received Import Request.
  Time since last request: 0.003817 seconds.
  path: Assets/Scripts/Net/FMETPSendRelay.cs
  artifactKey: Guid(aff1b0504decb423ead4b5f89be94f7b) Importer(815301076,1909f56bfc062723c751e8b465ee728b)
Start importing Assets/Scripts/Net/FMETPSendRelay.cs using Guid(aff1b0504decb423ead4b5f89be94f7b) Importer(815301076,1909f56bfc062723c751e8b465ee728b) (PreviewImporter) -> (artifact id: '00000000000000000000000000000000') in 0.000284584 seconds
Import Error Code:(4)
Message: Build asset version error: assets/scripts/net/fmetpsendrelay.cs in SourceAssetDB has modification time of '2025-08-10T11:23:20Z' while content on disk has modification time of '2025-08-10T11:33:50Z'
  ERROR: Build asset version error: assets/scripts/net/fmetpsendrelay.cs in SourceAssetDB has modification time of '2025-08-10T11:23:20Z' while content on disk has modification time of '2025-08-10T11:33:50Z'
Number of updated asset objects reloaded before import = 0Number of asset objects unloaded after import = 0

========================================================================
Received Import Request.
  Time since last request: 0.000048 seconds.
  path: Assets/Scripts/Net/FMETPSendRelay.cs
  artifactKey: Guid(aff1b0504decb423ead4b5f89be94f7b) Importer(815301076,1909f56bfc062723c751e8b465ee728b)
Start importing Assets/Scripts/Net/FMETPSendRelay.cs using Guid(aff1b0504decb423ead4b5f89be94f7b) Importer(815301076,1909f56bfc062723c751e8b465ee728b) (PreviewImporter) -> (artifact id: '00000000000000000000000000000000') in 0.000301625 seconds
Import Error Code:(4)
Message: Build asset version error: assets/scripts/net/fmetpsendrelay.cs in SourceAssetDB has modification time of '2025-08-10T11:23:20Z' while content on disk has modification time of '2025-08-10T11:33:50Z'
  ERROR: Build asset version error: assets/scripts/net/fmetpsendrelay.cs in SourceAssetDB has modification time of '2025-08-10T11:23:20Z' while content on disk has modification time of '2025-08-10T11:33:50Z'
Number of updated asset objects reloaded before import = 0Number of asset objects unloaded after import = 0

========================================================================
Received Import Request.
  Time since last request: 0.000066 seconds.
  path: Assets/Scripts/Net/FMETPSendRelay.cs
  artifactKey: Guid(aff1b0504decb423ead4b5f89be94f7b) Importer(815301076,1909f56bfc062723c751e8b465ee728b)
Start importing Assets/Scripts/Net/FMETPSendRelay.cs using Guid(aff1b0504decb423ead4b5f89be94f7b) Importer(815301076,1909f56bfc062723c751e8b465ee728b) (PreviewImporter) -> (artifact id: '00000000000000000000000000000000') in 0.000279709 seconds
Import Error Code:(4)
Message: Build asset version error: assets/scripts/net/fmetpsendrelay.cs in SourceAssetDB has modification time of '2025-08-10T11:23:20Z' while content on disk has modification time of '2025-08-10T11:33:50Z'
  ERROR: Build asset version error: assets/scripts/net/fmetpsendrelay.cs in SourceAssetDB has modification time of '2025-08-10T11:23:20Z' while content on disk has modification time of '2025-08-10T11:33:50Z'
Number of updated asset objects reloaded before import = 0Number of asset objects unloaded after import = 0

========================================================================
Received Import Request.
  Time since last request: 0.000040 seconds.
  path: Assets/Scripts/Net/FMETPSendRelay.cs
  artifactKey: Guid(aff1b0504decb423ead4b5f89be94f7b) Importer(815301076,1909f56bfc062723c751e8b465ee728b)
Start importing Assets/Scripts/Net/FMETPSendRelay.cs using Guid(aff1b0504decb423ead4b5f89be94f7b) Importer(815301076,1909f56bfc062723c751e8b465ee728b) (PreviewImporter) -> (artifact id: '00000000000000000000000000000000') in 0.000296209 seconds
Import Error Code:(4)
Message: Build asset version error: assets/scripts/net/fmetpsendrelay.cs in SourceAssetDB has modification time of '2025-08-10T11:23:20Z' while content on disk has modification time of '2025-08-10T11:33:50Z'
  ERROR: Build asset version error: assets/scripts/net/fmetpsendrelay.cs in SourceAssetDB has modification time of '2025-08-10T11:23:20Z' while content on disk has modification time of '2025-08-10T11:33:50Z'
Number of updated asset objects reloaded before import = 0Number of asset objects unloaded after import = 0

========================================================================
Received Import Request.
  Time since last request: 0.000499 seconds.
  path: Assets/Scripts/Net/FMETPSendRelay.cs
  artifactKey: Guid(aff1b0504decb423ead4b5f89be94f7b) Importer(815301076,1909f56bfc062723c751e8b465ee728b)
Start importing Assets/Scripts/Net/FMETPSendRelay.cs using Guid(aff1b0504decb423ead4b5f89be94f7b) Importer(815301076,1909f56bfc062723c751e8b465ee728b) (PreviewImporter) -> (artifact id: '00000000000000000000000000000000') in 0.000318166 seconds
Import Error Code:(4)
Message: Build asset version error: assets/scripts/net/fmetpsendrelay.cs in SourceAssetDB has modification time of '2025-08-10T11:23:20Z' while content on disk has modification time of '2025-08-10T11:33:50Z'
  ERROR: Build asset version error: assets/scripts/net/fmetpsendrelay.cs in SourceAssetDB has modification time of '2025-08-10T11:23:20Z' while content on disk has modification time of '2025-08-10T11:33:50Z'
Number of updated asset objects reloaded before import = 0Number of asset objects unloaded after import = 0

========================================================================
Received Import Request.
  Time since last request: 0.000048 seconds.
  path: Assets/Scripts/Net/FMETPSendRelay.cs
  artifactKey: Guid(aff1b0504decb423ead4b5f89be94f7b) Importer(815301076,1909f56bfc062723c751e8b465ee728b)
Start importing Assets/Scripts/Net/FMETPSendRelay.cs using Guid(aff1b0504decb423ead4b5f89be94f7b) Importer(815301076,1909f56bfc062723c751e8b465ee728b) (PreviewImporter) -> (artifact id: '00000000000000000000000000000000') in 0.000293291 seconds
Import Error Code:(4)
Message: Build asset version error: assets/scripts/net/fmetpsendrelay.cs in SourceAssetDB has modification time of '2025-08-10T11:23:20Z' while content on disk has modification time of '2025-08-10T11:33:50Z'
  ERROR: Build asset version error: assets/scripts/net/fmetpsendrelay.cs in SourceAssetDB has modification time of '2025-08-10T11:23:20Z' while content on disk has modification time of '2025-08-10T11:33:50Z'
Number of updated asset objects reloaded before import = 0Number of asset objects unloaded after import = 0

========================================================================
Received Import Request.
  Time since last request: 0.000068 seconds.
  path: Assets/Scripts/Net/FMETPSendRelay.cs
  artifactKey: Guid(aff1b0504decb423ead4b5f89be94f7b) Importer(815301076,1909f56bfc062723c751e8b465ee728b)
Start importing Assets/Scripts/Net/FMETPSendRelay.cs using Guid(aff1b0504decb423ead4b5f89be94f7b) Importer(815301076,1909f56bfc062723c751e8b465ee728b) (PreviewImporter) -> (artifact id: '00000000000000000000000000000000') in 0.00025975 seconds
Import Error Code:(4)
Message: Build asset version error: assets/scripts/net/fmetpsendrelay.cs in SourceAssetDB has modification time of '2025-08-10T11:23:20Z' while content on disk has modification time of '2025-08-10T11:33:50Z'
  ERROR: Build asset version error: assets/scripts/net/fmetpsendrelay.cs in SourceAssetDB has modification time of '2025-08-10T11:23:20Z' while content on disk has modification time of '2025-08-10T11:33:50Z'
Number of updated asset objects reloaded before import = 0Number of asset objects unloaded after import = 0

========================================================================
Received Import Request.
  Time since last request: 0.000051 seconds.
  path: Assets/Scripts/Net/FMETPSendRelay.cs
  artifactKey: Guid(aff1b0504decb423ead4b5f89be94f7b) Importer(815301076,1909f56bfc062723c751e8b465ee728b)
Start importing Assets/Scripts/Net/FMETPSendRelay.cs using Guid(aff1b0504decb423ead4b5f89be94f7b) Importer(815301076,1909f56bfc062723c751e8b465ee728b) (PreviewImporter) -> (artifact id: '00000000000000000000000000000000') in 0.000274875 seconds
Import Error Code:(4)
Message: Build asset version error: assets/scripts/net/fmetpsendrelay.cs in SourceAssetDB has modification time of '2025-08-10T11:23:20Z' while content on disk has modification time of '2025-08-10T11:33:50Z'
  ERROR: Build asset version error: assets/scripts/net/fmetpsendrelay.cs in SourceAssetDB has modification time of '2025-08-10T11:23:20Z' while content on disk has modification time of '2025-08-10T11:33:50Z'
Number of updated asset objects reloaded before import = 0Number of asset objects unloaded after import = 0

========================================================================
Received Import Request.
  Time since last request: 0.003814 seconds.
  path: Assets/Scripts/Net/FMETPSendRelay.cs
  artifactKey: Guid(aff1b0504decb423ead4b5f89be94f7b) Importer(815301076,1909f56bfc062723c751e8b465ee728b)
Start importing Assets/Scripts/Net/FMETPSendRelay.cs using Guid(aff1b0504decb423ead4b5f89be94f7b) Importer(815301076,1909f56bfc062723c751e8b465ee728b) (PreviewImporter) -> (artifact id: '00000000000000000000000000000000') in 0.00028525 seconds
Import Error Code:(4)
Message: Build asset version error: assets/scripts/net/fmetpsendrelay.cs in SourceAssetDB has modification time of '2025-08-10T11:23:20Z' while content on disk has modification time of '2025-08-10T11:33:50Z'
  ERROR: Build asset version error: assets/scripts/net/fmetpsendrelay.cs in SourceAssetDB has modification time of '2025-08-10T11:23:20Z' while content on disk has modification time of '2025-08-10T11:33:50Z'
Number of updated asset objects reloaded before import = 0Number of asset objects unloaded after import = 0

========================================================================
Received Import Request.
  Time since last request: 0.000044 seconds.
  path: Assets/Scripts/Net/FMETPSendRelay.cs
  artifactKey: Guid(aff1b0504decb423ead4b5f89be94f7b) Importer(815301076,1909f56bfc062723c751e8b465ee728b)
Start importing Assets/Scripts/Net/FMETPSendRelay.cs using Guid(aff1b0504decb423ead4b5f89be94f7b) Importer(815301076,1909f56bfc062723c751e8b465ee728b) (PreviewImporter) -> (artifact id: '00000000000000000000000000000000') in 0.000607791 seconds
Import Error Code:(4)
Message: Build asset version error: assets/scripts/net/fmetpsendrelay.cs in SourceAssetDB has modification time of '2025-08-10T11:23:20Z' while content on disk has modification time of '2025-08-10T11:33:50Z'
  ERROR: Build asset version error: assets/scripts/net/fmetpsendrelay.cs in SourceAssetDB has modification time of '2025-08-10T11:23:20Z' while content on disk has modification time of '2025-08-10T11:33:50Z'
Number of updated asset objects reloaded before import = 0Number of asset objects unloaded after import = 0

========================================================================
Received Import Request.
  Time since last request: 0.000049 seconds.
  path: Assets/Scripts/Net/FMETPSendRelay.cs
  artifactKey: Guid(aff1b0504decb423ead4b5f89be94f7b) Importer(815301076,1909f56bfc062723c751e8b465ee728b)
Start importing Assets/Scripts/Net/FMETPSendRelay.cs using Guid(aff1b0504decb423ead4b5f89be94f7b) Importer(815301076,1909f56bfc062723c751e8b465ee728b) (PreviewImporter) -> (artifact id: '00000000000000000000000000000000') in 0.000396167 seconds
Import Error Code:(4)
Message: Build asset version error: assets/scripts/net/fmetpsendrelay.cs in SourceAssetDB has modification time of '2025-08-10T11:23:20Z' while content on disk has modification time of '2025-08-10T11:33:50Z'
  ERROR: Build asset version error: assets/scripts/net/fmetpsendrelay.cs in SourceAssetDB has modification time of '2025-08-10T11:23:20Z' while content on disk has modification time of '2025-08-10T11:33:50Z'
Number of updated asset objects reloaded before import = 0Number of asset objects unloaded after import = 0

========================================================================
Received Import Request.
  Time since last request: 0.000063 seconds.
  path: Assets/Scripts/Net/FMETPSendRelay.cs
  artifactKey: Guid(aff1b0504decb423ead4b5f89be94f7b) Importer(815301076,1909f56bfc062723c751e8b465ee728b)
Start importing Assets/Scripts/Net/FMETPSendRelay.cs using Guid(aff1b0504decb423ead4b5f89be94f7b) Importer(815301076,1909f56bfc062723c751e8b465ee728b) (PreviewImporter) -> (artifact id: '00000000000000000000000000000000') in 0.000310833 seconds
Import Error Code:(4)
Message: Build asset version error: assets/scripts/net/fmetpsendrelay.cs in SourceAssetDB has modification time of '2025-08-10T11:23:20Z' while content on disk has modification time of '2025-08-10T11:33:50Z'
  ERROR: Build asset version error: assets/scripts/net/fmetpsendrelay.cs in SourceAssetDB has modification time of '2025-08-10T11:23:20Z' while content on disk has modification time of '2025-08-10T11:33:50Z'
Number of updated asset objects reloaded before import = 0Number of asset objects unloaded after import = 0

========================================================================
Received Import Request.
  Time since last request: 0.000650 seconds.
  path: Assets/Scripts/Net/FMETPSendRelay.cs
  artifactKey: Guid(aff1b0504decb423ead4b5f89be94f7b) Importer(815301076,1909f56bfc062723c751e8b465ee728b)
Start importing Assets/Scripts/Net/FMETPSendRelay.cs using Guid(aff1b0504decb423ead4b5f89be94f7b) Importer(815301076,1909f56bfc062723c751e8b465ee728b) (PreviewImporter) -> (artifact id: '00000000000000000000000000000000') in 0.000368542 seconds
Import Error Code:(4)
Message: Build asset version error: assets/scripts/net/fmetpsendrelay.cs in SourceAssetDB has modification time of '2025-08-10T11:23:20Z' while content on disk has modification time of '2025-08-10T11:33:50Z'
  ERROR: Build asset version error: assets/scripts/net/fmetpsendrelay.cs in SourceAssetDB has modification time of '2025-08-10T11:23:20Z' while content on disk has modification time of '2025-08-10T11:33:50Z'
Number of updated asset objects reloaded before import = 0Number of asset objects unloaded after import = 0

========================================================================
Received Prepare
Script 'CharacterController' has the same name as built-in Unity component.
AddComponent and GetComponent will not work with this script.
'Packages/com.meta.xr.sdk.core/Editor/BuildingBlocks/BlocksWindow.cs' contains partial class of Unity.Object, exactly 1 of the partial classes needs to be in a file with the same filename. This is to know the one that can be referenced from ie. GameObjects
'Packages/com.meta.xr.sdk.core/Editor/BuildingBlocks/BlocksWindowDetailsExtension.cs' contains partial class of Unity.Object, exactly 1 of the partial classes needs to be in a file with the same filename. This is to know the one that can be referenced from ie. GameObjects
'Packages/com.meta.xr.sdk.core/Editor/BuildingBlocks/BlocksWindowCollectionsPageExtension.cs' contains partial class of Unity.Object, exactly 1 of the partial classes needs to be in a file with the same filename. This is to know the one that can be referenced from ie. GameObjects
WARNING: Shader Unsupported: 'AVProVideo/Internal/UI/Transparent Packed (stereo) - AndroidOES' - All subshaders removed
WARNING: Shader Did you use #pragma only_renderers and omit this platform?
WARNING: Shader If subshaders removal was intentional, you may have forgotten turning Fallback off?
WARNING: Shader Unsupported: 'AVProVideo/Internal/UI/Transparent Packed (stereo) - AndroidOES' - All subshaders removed
WARNING: Shader Did you use #pragma only_renderers and omit this platform?
WARNING: Shader If subshaders removal was intentional, you may have forgotten turning Fallback off?
WARNING: Shader Unsupported: 'AVProVideo/Unlit/Opaque (texture+color+stereo support) - Android OES ONLY' - All subshaders removed
WARNING: Shader Did you use #pragma only_renderers and omit this platform?
WARNING: Shader If subshaders removal was intentional, you may have forgotten turning Fallback off?
WARNING: Shader Unsupported: 'AVProVideo/Unlit/Opaque (texture+color+stereo support) - Android OES ONLY' - All subshaders removed
WARNING: Shader Did you use #pragma only_renderers and omit this platform?
WARNING: Shader If subshaders removal was intentional, you may have forgotten turning Fallback off?
WARNING: Shader Unsupported: 'AVProVideo/Internal/UI/Stereo - AndroidOES' - All subshaders removed
WARNING: Shader Did you use #pragma only_renderers and omit this platform?
WARNING: Shader If subshaders removal was intentional, you may have forgotten turning Fallback off?
WARNING: Shader Unsupported: 'AVProVideo/Internal/UI/Stereo - AndroidOES' - All subshaders removed
WARNING: Shader Did you use #pragma only_renderers and omit this platform?
WARNING: Shader If subshaders removal was intentional, you may have forgotten turning Fallback off?
WARNING: Shader Unsupported: 'AVProVideo/VR/InsideSphere Unlit (stereo+color) - Android OES ONLY' - All subshaders removed
WARNING: Shader Did you use #pragma only_renderers and omit this platform?
WARNING: Shader If subshaders removal was intentional, you may have forgotten turning Fallback off?
WARNING: Shader Unsupported: 'AVProVideo/VR/InsideSphere Unlit (stereo+color) - Android OES ONLY' - All subshaders removed
WARNING: Shader Did you use #pragma only_renderers and omit this platform?
WARNING: Shader If subshaders removal was intentional, you may have forgotten turning Fallback off?
WARNING: Shader Unsupported: 'Universal Render Pipeline/VR/SpatialMapping/Wireframe' - All subshaders removed
WARNING: Shader Did you use #pragma only_renderers and omit this platform?
WARNING: Shader If subshaders removal was intentional, you may have forgotten turning Fallback off?
WARNING: Shader Unsupported: 'Universal Render Pipeline/VR/SpatialMapping/Wireframe' - All subshaders removed
WARNING: Shader Did you use #pragma only_renderers and omit this platform?
WARNING: Shader If subshaders removal was intentional, you may have forgotten turning Fallback off?
WARNING: Shader Unsupported: 'AVProVideo/VR/InsideSphere Unlit Transparent (stereo+color+alpha) - Android OES ONLY' - All subshaders removed
WARNING: Shader Did you use #pragma only_renderers and omit this platform?
WARNING: Shader If subshaders removal was intentional, you may have forgotten turning Fallback off?
WARNING: Shader Unsupported: 'AVProVideo/VR/InsideSphere Unlit Transparent (stereo+color+alpha) - Android OES ONLY' - All subshaders removed
WARNING: Shader Did you use #pragma only_renderers and omit this platform?
WARNING: Shader If subshaders removal was intentional, you may have forgotten turning Fallback off?
WARNING: Shader Unsupported: 'AVProVideo/Unlit/Transparent (texture+alpha support) - Android OES ONLY' - All subshaders removed
WARNING: Shader Did you use #pragma only_renderers and omit this platform?
WARNING: Shader If subshaders removal was intentional, you may have forgotten turning Fallback off?
WARNING: Shader Unsupported: 'AVProVideo/Unlit/Transparent (texture+alpha support) - Android OES ONLY' - All subshaders removed
WARNING: Shader Did you use #pragma only_renderers and omit this platform?
WARNING: Shader If subshaders removal was intentional, you may have forgotten turning Fallback off?
Shader 'Meta/MRUK/Scene/HighlightsAndShadows': fallback shader 'Off' not found
Shader 'Oculus/OVRMRCameraFrameLit': fallback shader 'Alpha-Diffuse' not found
Refreshing native plugins compatible for Editor in 6.92 ms, found 18 plugins.
Preloading 1 native plugins for Editor in 0.57 ms.
Unloading 23 Unused Serialized files (Serialized files now loaded: 0)
Unloading 9144 unused Assets / (3.0 MB). Loaded Objects now: 10029.
Memory consumption went from 169.6 MB to 166.6 MB.
Total: 42.973459 ms (FindLiveObjects: 2.628542 ms CreateObjectMapping: 0.862625 ms MarkObjects: 35.062250 ms  DeleteObjects: 4.416209 ms)

Prepare: number of updated asset objects reloaded= 0
========================================================================
Received Import Request.
  Time since last request: 12.053038 seconds.
  path: Assets/Scripts/Net/FMETPSendRelay.cs
  artifactKey: Guid(aff1b0504decb423ead4b5f89be94f7b) Importer(815301076,1909f56bfc062723c751e8b465ee728b)
Start importing Assets/Scripts/Net/FMETPSendRelay.cs using Guid(aff1b0504decb423ead4b5f89be94f7b) Importer(815301076,1909f56bfc062723c751e8b465ee728b) (PreviewImporter) -> (artifact id: 'b30f3b920c651250de997edd6a8305ef') in 0.001730125 seconds
Number of updated asset objects reloaded before import = 0Number of asset objects unloaded after import = 0

========================================================================
Received Prepare
Begin MonoManager ReloadAssembly
Thread 0x30d78f000 may have been prematurely finalized
Symbol file LoadedFromMemory is not a mono symbol file
- Loaded All Assemblies, in  1.283 seconds
Script 'CharacterController' has the same name as built-in Unity component.
AddComponent and GetComponent will not work with this script.
'Packages/com.meta.xr.sdk.core/Editor/BuildingBlocks/BlocksWindow.cs' contains partial class of Unity.Object, exactly 1 of the partial classes needs to be in a file with the same filename. This is to know the one that can be referenced from ie. GameObjects
'Packages/com.meta.xr.sdk.core/Editor/BuildingBlocks/BlocksWindowDetailsExtension.cs' contains partial class of Unity.Object, exactly 1 of the partial classes needs to be in a file with the same filename. This is to know the one that can be referenced from ie. GameObjects
'Packages/com.meta.xr.sdk.core/Editor/BuildingBlocks/BlocksWindowCollectionsPageExtension.cs' contains partial class of Unity.Object, exactly 1 of the partial classes needs to be in a file with the same filename. This is to know the one that can be referenced from ie. GameObjects
Refreshing native plugins compatible for Editor in 7.56 ms, found 18 plugins.
Native extension for Android target not found
Native extension for OSXStandalone target not found
[Package Manager] Failed to launch server process. Reason: Unity was launched with the -noUpm command-line argument
[Package Manager] Unable to send message (not connected to server process).
[Package Manager] Cannot connect to Unity Package Manager local server
[Package Manager] Failed to launch server process. Reason: Unity was launched with the -noUpm command-line argument
[Package Manager] Unable to send message (not connected to server process).
[Package Manager] Cannot connect to Unity Package Manager local server
Refreshing native plugins compatible for Editor in 8.45 ms, found 18 plugins.
[Package Manager] Failed to launch server process. Reason: Unity was launched with the -noUpm command-line argument
[Package Manager] Unable to send message (not connected to server process).
[Package Manager] Cannot connect to Unity Package Manager local server
Mono: successfully reloaded assembly
[Package Manager] Failed to launch server process. Reason: Unity was launched with the -noUpm command-line argument
[Package Manager] Unable to send message (not connected to server process).
[Package Manager] Cannot connect to Unity Package Manager local server
- Finished resetting the current domain, in  0.939 seconds
Domain Reload Profiling: 2232ms
	BeginReloadAssembly (383ms)
		ExecutionOrderSort (0ms)
		DisableScriptedObjects (12ms)
		BackupInstance (0ms)
		ReleaseScriptingObjects (0ms)
		CreateAndSetChildDomain (178ms)
	RebuildCommonClasses (36ms)
	RebuildNativeTypeToScriptingClass (11ms)
	initialDomainReloadingComplete (24ms)
	LoadAllAssembliesAndSetupDomain (839ms)
		LoadAssemblies (544ms)
		RebuildTransferFunctionScriptingTraits (0ms)
		AnalyzeDomain (361ms)
			TypeCache.Refresh (44ms)
				TypeCache.ScanAssembly (3ms)
			BuildScriptInfoCaches (283ms)
			ResolveRequiredComponents (24ms)
	FinalizeReload (939ms)
		ReleaseScriptCaches (0ms)
		RebuildScriptCaches (0ms)
		SetupLoadedEditorAssemblies (772ms)
			LogAssemblyErrors (0ms)
			InitializePlatformSupportModulesInManaged (6ms)
			SetLoadedEditorAssemblies (6ms)
			BeforeProcessingInitializeOnLoad (175ms)
			ProcessInitializeOnLoadAttributes (462ms)
			ProcessInitializeOnLoadMethodAttributes (121ms)
			AfterProcessingInitializeOnLoad (1ms)
			EditorAssembliesLoaded (0ms)
		ExecutionOrderSort2 (0ms)
		AwakeInstancesAfterBackupRestoration (11ms)
WARNING: Shader Unsupported: 'AVProVideo/Internal/UI/Transparent Packed (stereo) - AndroidOES' - All subshaders removed
WARNING: Shader Did you use #pragma only_renderers and omit this platform?
WARNING: Shader If subshaders removal was intentional, you may have forgotten turning Fallback off?
WARNING: Shader Unsupported: 'AVProVideo/Internal/UI/Transparent Packed (stereo) - AndroidOES' - All subshaders removed
WARNING: Shader Did you use #pragma only_renderers and omit this platform?
WARNING: Shader If subshaders removal was intentional, you may have forgotten turning Fallback off?
WARNING: Shader Unsupported: 'AVProVideo/Unlit/Opaque (texture+color+stereo support) - Android OES ONLY' - All subshaders removed
WARNING: Shader Did you use #pragma only_renderers and omit this platform?
WARNING: Shader If subshaders removal was intentional, you may have forgotten turning Fallback off?
WARNING: Shader Unsupported: 'AVProVideo/Unlit/Opaque (texture+color+stereo support) - Android OES ONLY' - All subshaders removed
WARNING: Shader Did you use #pragma only_renderers and omit this platform?
WARNING: Shader If subshaders removal was intentional, you may have forgotten turning Fallback off?
WARNING: Shader Unsupported: 'AVProVideo/Internal/UI/Stereo - AndroidOES' - All subshaders removed
WARNING: Shader Did you use #pragma only_renderers and omit this platform?
WARNING: Shader If subshaders removal was intentional, you may have forgotten turning Fallback off?
WARNING: Shader Unsupported: 'AVProVideo/Internal/UI/Stereo - AndroidOES' - All subshaders removed
WARNING: Shader Did you use #pragma only_renderers and omit this platform?
WARNING: Shader If subshaders removal was intentional, you may have forgotten turning Fallback off?
WARNING: Shader Unsupported: 'AVProVideo/VR/InsideSphere Unlit (stereo+color) - Android OES ONLY' - All subshaders removed
WARNING: Shader Did you use #pragma only_renderers and omit this platform?
WARNING: Shader If subshaders removal was intentional, you may have forgotten turning Fallback off?
WARNING: Shader Unsupported: 'AVProVideo/VR/InsideSphere Unlit (stereo+color) - Android OES ONLY' - All subshaders removed
WARNING: Shader Did you use #pragma only_renderers and omit this platform?
WARNING: Shader If subshaders removal was intentional, you may have forgotten turning Fallback off?
WARNING: Shader Unsupported: 'Universal Render Pipeline/VR/SpatialMapping/Wireframe' - All subshaders removed
WARNING: Shader Did you use #pragma only_renderers and omit this platform?
WARNING: Shader If subshaders removal was intentional, you may have forgotten turning Fallback off?
WARNING: Shader Unsupported: 'Universal Render Pipeline/VR/SpatialMapping/Wireframe' - All subshaders removed
WARNING: Shader Did you use #pragma only_renderers and omit this platform?
WARNING: Shader If subshaders removal was intentional, you may have forgotten turning Fallback off?
WARNING: Shader Unsupported: 'AVProVideo/VR/InsideSphere Unlit Transparent (stereo+color+alpha) - Android OES ONLY' - All subshaders removed
WARNING: Shader Did you use #pragma only_renderers and omit this platform?
WARNING: Shader If subshaders removal was intentional, you may have forgotten turning Fallback off?
WARNING: Shader Unsupported: 'AVProVideo/VR/InsideSphere Unlit Transparent (stereo+color+alpha) - Android OES ONLY' - All subshaders removed
WARNING: Shader Did you use #pragma only_renderers and omit this platform?
WARNING: Shader If subshaders removal was intentional, you may have forgotten turning Fallback off?
WARNING: Shader Unsupported: 'AVProVideo/Unlit/Transparent (texture+alpha support) - Android OES ONLY' - All subshaders removed
WARNING: Shader Did you use #pragma only_renderers and omit this platform?
WARNING: Shader If subshaders removal was intentional, you may have forgotten turning Fallback off?
WARNING: Shader Unsupported: 'AVProVideo/Unlit/Transparent (texture+alpha support) - Android OES ONLY' - All subshaders removed
WARNING: Shader Did you use #pragma only_renderers and omit this platform?
WARNING: Shader If subshaders removal was intentional, you may have forgotten turning Fallback off?
Shader 'Meta/MRUK/Scene/HighlightsAndShadows': fallback shader 'Off' not found
Shader 'Oculus/OVRMRCameraFrameLit': fallback shader 'Alpha-Diffuse' not found
Refreshing native plugins compatible for Editor in 6.10 ms, found 18 plugins.
Preloading 1 native plugins for Editor in 0.51 ms.
Unloading 23 Unused Serialized files (Serialized files now loaded: 0)
Unloading 9289 unused Assets / (4.4 MB). Loaded Objects now: 10056.
Memory consumption went from 185.5 MB to 181.1 MB.
Total: 13.185917 ms (FindLiveObjects: 1.472500 ms CreateObjectMapping: 0.523459 ms MarkObjects: 8.429167 ms  DeleteObjects: 2.760208 ms)

Prepare: number of updated asset objects reloaded= 0
========================================================================
Received Import Request.
  Time since last request: 194.003080 seconds.
  path: Assets/Scripts/Net/MockFMETPTransport.cs
  artifactKey: Guid(d7272cfa6746043ba82295096e3fb9e0) Importer(815301076,1909f56bfc062723c751e8b465ee728b)
Start importing Assets/Scripts/Net/MockFMETPTransport.cs using Guid(d7272cfa6746043ba82295096e3fb9e0) Importer(815301076,1909f56bfc062723c751e8b465ee728b) (PreviewImporter) -> (artifact id: '10d27f5253fe526a1f5b1c2b2b08487a') in 0.012612625 seconds
Number of updated asset objects reloaded before import = 0Number of asset objects unloaded after import = 0

========================================================================
Received Prepare
Begin MonoManager ReloadAssembly
Thread 0x308c47000 may have been prematurely finalized
Symbol file LoadedFromMemory is not a mono symbol file
- Loaded All Assemblies, in  1.091 seconds
Script 'CharacterController' has the same name as built-in Unity component.
AddComponent and GetComponent will not work with this script.
'Packages/com.meta.xr.sdk.core/Editor/BuildingBlocks/BlocksWindow.cs' contains partial class of Unity.Object, exactly 1 of the partial classes needs to be in a file with the same filename. This is to know the one that can be referenced from ie. GameObjects
'Packages/com.meta.xr.sdk.core/Editor/BuildingBlocks/BlocksWindowDetailsExtension.cs' contains partial class of Unity.Object, exactly 1 of the partial classes needs to be in a file with the same filename. This is to know the one that can be referenced from ie. GameObjects
'Packages/com.meta.xr.sdk.core/Editor/BuildingBlocks/BlocksWindowCollectionsPageExtension.cs' contains partial class of Unity.Object, exactly 1 of the partial classes needs to be in a file with the same filename. This is to know the one that can be referenced from ie. GameObjects
Refreshing native plugins compatible for Editor in 5.96 ms, found 18 plugins.
Native extension for Android target not found
Native extension for OSXStandalone target not found
[Package Manager] Failed to launch server process. Reason: Unity was launched with the -noUpm command-line argument
[Package Manager] Unable to send message (not connected to server process).
[Package Manager] Cannot connect to Unity Package Manager local server
[Package Manager] Failed to launch server process. Reason: Unity was launched with the -noUpm command-line argument
[Package Manager] Unable to send message (not connected to server process).
[Package Manager] Cannot connect to Unity Package Manager local server
Refreshing native plugins compatible for Editor in 10.43 ms, found 18 plugins.
[Package Manager] Failed to launch server process. Reason: Unity was launched with the -noUpm command-line argument
[Package Manager] Unable to send message (not connected to server process).
[Package Manager] Cannot connect to Unity Package Manager local server
Mono: successfully reloaded assembly
[Package Manager] Failed to launch server process. Reason: Unity was launched with the -noUpm command-line argument
[Package Manager] Unable to send message (not connected to server process).
[Package Manager] Cannot connect to Unity Package Manager local server
- Finished resetting the current domain, in  1.107 seconds
Domain Reload Profiling: 2204ms
	BeginReloadAssembly (337ms)
		ExecutionOrderSort (0ms)
		DisableScriptedObjects (10ms)
		BackupInstance (0ms)
		ReleaseScriptingObjects (0ms)
		CreateAndSetChildDomain (165ms)
	RebuildCommonClasses (34ms)
	RebuildNativeTypeToScriptingClass (12ms)
	initialDomainReloadingComplete (25ms)
	LoadAllAssembliesAndSetupDomain (687ms)
		LoadAssemblies (481ms)
		RebuildTransferFunctionScriptingTraits (0ms)
		AnalyzeDomain (273ms)
			TypeCache.Refresh (27ms)
				TypeCache.ScanAssembly (0ms)
			BuildScriptInfoCaches (223ms)
			ResolveRequiredComponents (18ms)
	FinalizeReload (1108ms)
		ReleaseScriptCaches (0ms)
		RebuildScriptCaches (0ms)
		SetupLoadedEditorAssemblies (875ms)
			LogAssemblyErrors (0ms)
			InitializePlatformSupportModulesInManaged (7ms)
			SetLoadedEditorAssemblies (7ms)
			BeforeProcessingInitializeOnLoad (216ms)
			ProcessInitializeOnLoadAttributes (480ms)
			ProcessInitializeOnLoadMethodAttributes (165ms)
			AfterProcessingInitializeOnLoad (1ms)
			EditorAssembliesLoaded (0ms)
		ExecutionOrderSort2 (0ms)
		AwakeInstancesAfterBackupRestoration (16ms)
WARNING: Shader Unsupported: 'AVProVideo/Internal/UI/Transparent Packed (stereo) - AndroidOES' - All subshaders removed
WARNING: Shader Did you use #pragma only_renderers and omit this platform?
WARNING: Shader If subshaders removal was intentional, you may have forgotten turning Fallback off?
WARNING: Shader Unsupported: 'AVProVideo/Internal/UI/Transparent Packed (stereo) - AndroidOES' - All subshaders removed
WARNING: Shader Did you use #pragma only_renderers and omit this platform?
WARNING: Shader If subshaders removal was intentional, you may have forgotten turning Fallback off?
WARNING: Shader Unsupported: 'AVProVideo/Unlit/Opaque (texture+color+stereo support) - Android OES ONLY' - All subshaders removed
WARNING: Shader Did you use #pragma only_renderers and omit this platform?
WARNING: Shader If subshaders removal was intentional, you may have forgotten turning Fallback off?
WARNING: Shader Unsupported: 'AVProVideo/Unlit/Opaque (texture+color+stereo support) - Android OES ONLY' - All subshaders removed
WARNING: Shader Did you use #pragma only_renderers and omit this platform?
WARNING: Shader If subshaders removal was intentional, you may have forgotten turning Fallback off?
WARNING: Shader Unsupported: 'AVProVideo/Internal/UI/Stereo - AndroidOES' - All subshaders removed
WARNING: Shader Did you use #pragma only_renderers and omit this platform?
WARNING: Shader If subshaders removal was intentional, you may have forgotten turning Fallback off?
WARNING: Shader Unsupported: 'AVProVideo/Internal/UI/Stereo - AndroidOES' - All subshaders removed
WARNING: Shader Did you use #pragma only_renderers and omit this platform?
WARNING: Shader If subshaders removal was intentional, you may have forgotten turning Fallback off?
WARNING: Shader Unsupported: 'AVProVideo/VR/InsideSphere Unlit (stereo+color) - Android OES ONLY' - All subshaders removed
WARNING: Shader Did you use #pragma only_renderers and omit this platform?
WARNING: Shader If subshaders removal was intentional, you may have forgotten turning Fallback off?
WARNING: Shader Unsupported: 'AVProVideo/VR/InsideSphere Unlit (stereo+color) - Android OES ONLY' - All subshaders removed
WARNING: Shader Did you use #pragma only_renderers and omit this platform?
WARNING: Shader If subshaders removal was intentional, you may have forgotten turning Fallback off?
WARNING: Shader Unsupported: 'Universal Render Pipeline/VR/SpatialMapping/Wireframe' - All subshaders removed
WARNING: Shader Did you use #pragma only_renderers and omit this platform?
WARNING: Shader If subshaders removal was intentional, you may have forgotten turning Fallback off?
WARNING: Shader Unsupported: 'Universal Render Pipeline/VR/SpatialMapping/Wireframe' - All subshaders removed
WARNING: Shader Did you use #pragma only_renderers and omit this platform?
WARNING: Shader If subshaders removal was intentional, you may have forgotten turning Fallback off?
WARNING: Shader Unsupported: 'AVProVideo/VR/InsideSphere Unlit Transparent (stereo+color+alpha) - Android OES ONLY' - All subshaders removed
WARNING: Shader Did you use #pragma only_renderers and omit this platform?
WARNING: Shader If subshaders removal was intentional, you may have forgotten turning Fallback off?
WARNING: Shader Unsupported: 'AVProVideo/VR/InsideSphere Unlit Transparent (stereo+color+alpha) - Android OES ONLY' - All subshaders removed
WARNING: Shader Did you use #pragma only_renderers and omit this platform?
WARNING: Shader If subshaders removal was intentional, you may have forgotten turning Fallback off?
WARNING: Shader Unsupported: 'AVProVideo/Unlit/Transparent (texture+alpha support) - Android OES ONLY' - All subshaders removed
WARNING: Shader Did you use #pragma only_renderers and omit this platform?
WARNING: Shader If subshaders removal was intentional, you may have forgotten turning Fallback off?
WARNING: Shader Unsupported: 'AVProVideo/Unlit/Transparent (texture+alpha support) - Android OES ONLY' - All subshaders removed
WARNING: Shader Did you use #pragma only_renderers and omit this platform?
WARNING: Shader If subshaders removal was intentional, you may have forgotten turning Fallback off?
Shader 'Meta/MRUK/Scene/HighlightsAndShadows': fallback shader 'Off' not found
Shader 'Oculus/OVRMRCameraFrameLit': fallback shader 'Alpha-Diffuse' not found
Refreshing native plugins compatible for Editor in 6.24 ms, found 18 plugins.
Preloading 1 native plugins for Editor in 0.49 ms.
Unloading 23 Unused Serialized files (Serialized files now loaded: 0)
Unloading 9289 unused Assets / (6.0 MB). Loaded Objects now: 10059.
Memory consumption went from 185.2 MB to 179.2 MB.
Total: 26.185375 ms (FindLiveObjects: 1.437625 ms CreateObjectMapping: 0.576000 ms MarkObjects: 17.600625 ms  DeleteObjects: 6.569750 ms)

Prepare: number of updated asset objects reloaded= 0
========================================================================
Received Prepare
Begin MonoManager ReloadAssembly
Thread 0x308c47000 may have been prematurely finalized
Symbol file LoadedFromMemory is not a mono symbol file
- Loaded All Assemblies, in  1.058 seconds
Script 'CharacterController' has the same name as built-in Unity component.
AddComponent and GetComponent will not work with this script.
'Packages/com.meta.xr.sdk.core/Editor/BuildingBlocks/BlocksWindow.cs' contains partial class of Unity.Object, exactly 1 of the partial classes needs to be in a file with the same filename. This is to know the one that can be referenced from ie. GameObjects
'Packages/com.meta.xr.sdk.core/Editor/BuildingBlocks/BlocksWindowDetailsExtension.cs' contains partial class of Unity.Object, exactly 1 of the partial classes needs to be in a file with the same filename. This is to know the one that can be referenced from ie. GameObjects
'Packages/com.meta.xr.sdk.core/Editor/BuildingBlocks/BlocksWindowCollectionsPageExtension.cs' contains partial class of Unity.Object, exactly 1 of the partial classes needs to be in a file with the same filename. This is to know the one that can be referenced from ie. GameObjects
Refreshing native plugins compatible for Editor in 5.75 ms, found 18 plugins.
Native extension for Android target not found
Native extension for OSXStandalone target not found
[Package Manager] Failed to launch server process. Reason: Unity was launched with the -noUpm command-line argument
[Package Manager] Unable to send message (not connected to server process).
[Package Manager] Cannot connect to Unity Package Manager local server
[Package Manager] Failed to launch server process. Reason: Unity was launched with the -noUpm command-line argument
[Package Manager] Unable to send message (not connected to server process).
[Package Manager] Cannot connect to Unity Package Manager local server
Refreshing native plugins compatible for Editor in 6.82 ms, found 18 plugins.
[Package Manager] Failed to launch server process. Reason: Unity was launched with the -noUpm command-line argument
[Package Manager] Unable to send message (not connected to server process).
[Package Manager] Cannot connect to Unity Package Manager local server
Mono: successfully reloaded assembly
[Package Manager] Failed to launch server process. Reason: Unity was launched with the -noUpm command-line argument
[Package Manager] Unable to send message (not connected to server process).
[Package Manager] Cannot connect to Unity Package Manager local server
- Finished resetting the current domain, in  0.963 seconds
Domain Reload Profiling: 2027ms
	BeginReloadAssembly (328ms)
		ExecutionOrderSort (0ms)
		DisableScriptedObjects (14ms)
		BackupInstance (0ms)
		ReleaseScriptingObjects (0ms)
		CreateAndSetChildDomain (130ms)
	RebuildCommonClasses (33ms)
	RebuildNativeTypeToScriptingClass (12ms)
	initialDomainReloadingComplete (19ms)
	LoadAllAssembliesAndSetupDomain (671ms)
		LoadAssemblies (465ms)
		RebuildTransferFunctionScriptingTraits (0ms)
		AnalyzeDomain (285ms)
			TypeCache.Refresh (43ms)
				TypeCache.ScanAssembly (3ms)
			BuildScriptInfoCaches (217ms)
			ResolveRequiredComponents (21ms)
	FinalizeReload (963ms)
		ReleaseScriptCaches (0ms)
		RebuildScriptCaches (0ms)
		SetupLoadedEditorAssemblies (814ms)
			LogAssemblyErrors (0ms)
			InitializePlatformSupportModulesInManaged (7ms)
			SetLoadedEditorAssemblies (6ms)
			BeforeProcessingInitializeOnLoad (129ms)
			ProcessInitializeOnLoadAttributes (528ms)
			ProcessInitializeOnLoadMethodAttributes (143ms)
			AfterProcessingInitializeOnLoad (1ms)
			EditorAssembliesLoaded (0ms)
		ExecutionOrderSort2 (0ms)
		AwakeInstancesAfterBackupRestoration (8ms)
WARNING: Shader Unsupported: 'AVProVideo/Internal/UI/Transparent Packed (stereo) - AndroidOES' - All subshaders removed
WARNING: Shader Did you use #pragma only_renderers and omit this platform?
WARNING: Shader If subshaders removal was intentional, you may have forgotten turning Fallback off?
WARNING: Shader Unsupported: 'AVProVideo/Internal/UI/Transparent Packed (stereo) - AndroidOES' - All subshaders removed
WARNING: Shader Did you use #pragma only_renderers and omit this platform?
WARNING: Shader If subshaders removal was intentional, you may have forgotten turning Fallback off?
WARNING: Shader Unsupported: 'AVProVideo/Unlit/Opaque (texture+color+stereo support) - Android OES ONLY' - All subshaders removed
WARNING: Shader Did you use #pragma only_renderers and omit this platform?
WARNING: Shader If subshaders removal was intentional, you may have forgotten turning Fallback off?
WARNING: Shader Unsupported: 'AVProVideo/Unlit/Opaque (texture+color+stereo support) - Android OES ONLY' - All subshaders removed
WARNING: Shader Did you use #pragma only_renderers and omit this platform?
WARNING: Shader If subshaders removal was intentional, you may have forgotten turning Fallback off?
WARNING: Shader Unsupported: 'AVProVideo/Internal/UI/Stereo - AndroidOES' - All subshaders removed
WARNING: Shader Did you use #pragma only_renderers and omit this platform?
WARNING: Shader If subshaders removal was intentional, you may have forgotten turning Fallback off?
WARNING: Shader Unsupported: 'AVProVideo/Internal/UI/Stereo - AndroidOES' - All subshaders removed
WARNING: Shader Did you use #pragma only_renderers and omit this platform?
WARNING: Shader If subshaders removal was intentional, you may have forgotten turning Fallback off?
WARNING: Shader Unsupported: 'AVProVideo/VR/InsideSphere Unlit (stereo+color) - Android OES ONLY' - All subshaders removed
WARNING: Shader Did you use #pragma only_renderers and omit this platform?
WARNING: Shader If subshaders removal was intentional, you may have forgotten turning Fallback off?
WARNING: Shader Unsupported: 'AVProVideo/VR/InsideSphere Unlit (stereo+color) - Android OES ONLY' - All subshaders removed
WARNING: Shader Did you use #pragma only_renderers and omit this platform?
WARNING: Shader If subshaders removal was intentional, you may have forgotten turning Fallback off?
WARNING: Shader Unsupported: 'Universal Render Pipeline/VR/SpatialMapping/Wireframe' - All subshaders removed
WARNING: Shader Did you use #pragma only_renderers and omit this platform?
WARNING: Shader If subshaders removal was intentional, you may have forgotten turning Fallback off?
WARNING: Shader Unsupported: 'Universal Render Pipeline/VR/SpatialMapping/Wireframe' - All subshaders removed
WARNING: Shader Did you use #pragma only_renderers and omit this platform?
WARNING: Shader If subshaders removal was intentional, you may have forgotten turning Fallback off?
WARNING: Shader Unsupported: 'AVProVideo/VR/InsideSphere Unlit Transparent (stereo+color+alpha) - Android OES ONLY' - All subshaders removed
WARNING: Shader Did you use #pragma only_renderers and omit this platform?
WARNING: Shader If subshaders removal was intentional, you may have forgotten turning Fallback off?
WARNING: Shader Unsupported: 'AVProVideo/VR/InsideSphere Unlit Transparent (stereo+color+alpha) - Android OES ONLY' - All subshaders removed
WARNING: Shader Did you use #pragma only_renderers and omit this platform?
WARNING: Shader If subshaders removal was intentional, you may have forgotten turning Fallback off?
WARNING: Shader Unsupported: 'AVProVideo/Unlit/Transparent (texture+alpha support) - Android OES ONLY' - All subshaders removed
WARNING: Shader Did you use #pragma only_renderers and omit this platform?
WARNING: Shader If subshaders removal was intentional, you may have forgotten turning Fallback off?
WARNING: Shader Unsupported: 'AVProVideo/Unlit/Transparent (texture+alpha support) - Android OES ONLY' - All subshaders removed
WARNING: Shader Did you use #pragma only_renderers and omit this platform?
WARNING: Shader If subshaders removal was intentional, you may have forgotten turning Fallback off?
Shader 'Meta/MRUK/Scene/HighlightsAndShadows': fallback shader 'Off' not found
Shader 'Oculus/OVRMRCameraFrameLit': fallback shader 'Alpha-Diffuse' not found
Refreshing native plugins compatible for Editor in 6.32 ms, found 18 plugins.
Preloading 1 native plugins for Editor in 0.62 ms.
Unloading 23 Unused Serialized files (Serialized files now loaded: 0)
Unloading 9289 unused Assets / (5.3 MB). Loaded Objects now: 10062.
Memory consumption went from 185.1 MB to 179.8 MB.
Total: 12.732625 ms (FindLiveObjects: 0.674750 ms CreateObjectMapping: 0.502083 ms MarkObjects: 8.995458 ms  DeleteObjects: 2.560000 ms)

Prepare: number of updated asset objects reloaded= 0
========================================================================
Received Prepare
Begin MonoManager ReloadAssembly
Thread 0x308c47000 may have been prematurely finalized
Symbol file LoadedFromMemory is not a mono symbol file
- Loaded All Assemblies, in  0.962 seconds
Script 'CharacterController' has the same name as built-in Unity component.
AddComponent and GetComponent will not work with this script.
'Packages/com.meta.xr.sdk.core/Editor/BuildingBlocks/BlocksWindow.cs' contains partial class of Unity.Object, exactly 1 of the partial classes needs to be in a file with the same filename. This is to know the one that can be referenced from ie. GameObjects
'Packages/com.meta.xr.sdk.core/Editor/BuildingBlocks/BlocksWindowDetailsExtension.cs' contains partial class of Unity.Object, exactly 1 of the partial classes needs to be in a file with the same filename. This is to know the one that can be referenced from ie. GameObjects
'Packages/com.meta.xr.sdk.core/Editor/BuildingBlocks/BlocksWindowCollectionsPageExtension.cs' contains partial class of Unity.Object, exactly 1 of the partial classes needs to be in a file with the same filename. This is to know the one that can be referenced from ie. GameObjects
Refreshing native plugins compatible for Editor in 6.99 ms, found 18 plugins.
Native extension for Android target not found
Native extension for OSXStandalone target not found
[Package Manager] Failed to launch server process. Reason: Unity was launched with the -noUpm command-line argument
[Package Manager] Unable to send message (not connected to server process).
[Package Manager] Cannot connect to Unity Package Manager local server
[Package Manager] Failed to launch server process. Reason: Unity was launched with the -noUpm command-line argument
[Package Manager] Unable to send message (not connected to server process).
[Package Manager] Cannot connect to Unity Package Manager local server
Refreshing native plugins compatible for Editor in 5.61 ms, found 18 plugins.
[Package Manager] Failed to launch server process. Reason: Unity was launched with the -noUpm command-line argument
[Package Manager] Unable to send message (not connected to server process).
[Package Manager] Cannot connect to Unity Package Manager local server
Mono: successfully reloaded assembly
[Package Manager] Failed to launch server process. Reason: Unity was launched with the -noUpm command-line argument
[Package Manager] Unable to send message (not connected to server process).
[Package Manager] Cannot connect to Unity Package Manager local server
- Finished resetting the current domain, in  0.838 seconds
Domain Reload Profiling: 1808ms
	BeginReloadAssembly (260ms)
		ExecutionOrderSort (0ms)
		DisableScriptedObjects (6ms)
		BackupInstance (0ms)
		ReleaseScriptingObjects (0ms)
		CreateAndSetChildDomain (120ms)
	RebuildCommonClasses (34ms)
	RebuildNativeTypeToScriptingClass (11ms)
	initialDomainReloadingComplete (32ms)
	LoadAllAssembliesAndSetupDomain (631ms)
		LoadAssemblies (387ms)
		RebuildTransferFunctionScriptingTraits (0ms)
		AnalyzeDomain (293ms)
			TypeCache.Refresh (27ms)
				TypeCache.ScanAssembly (0ms)
			BuildScriptInfoCaches (237ms)
			ResolveRequiredComponents (18ms)
	FinalizeReload (840ms)
		ReleaseScriptCaches (0ms)
		RebuildScriptCaches (0ms)
		SetupLoadedEditorAssemblies (672ms)
			LogAssemblyErrors (0ms)
			InitializePlatformSupportModulesInManaged (7ms)
			SetLoadedEditorAssemblies (6ms)
			BeforeProcessingInitializeOnLoad (150ms)
			ProcessInitializeOnLoadAttributes (377ms)
			ProcessInitializeOnLoadMethodAttributes (131ms)
			AfterProcessingInitializeOnLoad (1ms)
			EditorAssembliesLoaded (1ms)
		ExecutionOrderSort2 (0ms)
		AwakeInstancesAfterBackupRestoration (13ms)
WARNING: Shader Unsupported: 'AVProVideo/Internal/UI/Transparent Packed (stereo) - AndroidOES' - All subshaders removed
WARNING: Shader Did you use #pragma only_renderers and omit this platform?
WARNING: Shader If subshaders removal was intentional, you may have forgotten turning Fallback off?
WARNING: Shader Unsupported: 'AVProVideo/Internal/UI/Transparent Packed (stereo) - AndroidOES' - All subshaders removed
WARNING: Shader Did you use #pragma only_renderers and omit this platform?
WARNING: Shader If subshaders removal was intentional, you may have forgotten turning Fallback off?
WARNING: Shader Unsupported: 'AVProVideo/Unlit/Opaque (texture+color+stereo support) - Android OES ONLY' - All subshaders removed
WARNING: Shader Did you use #pragma only_renderers and omit this platform?
WARNING: Shader If subshaders removal was intentional, you may have forgotten turning Fallback off?
WARNING: Shader Unsupported: 'AVProVideo/Unlit/Opaque (texture+color+stereo support) - Android OES ONLY' - All subshaders removed
WARNING: Shader Did you use #pragma only_renderers and omit this platform?
WARNING: Shader If subshaders removal was intentional, you may have forgotten turning Fallback off?
WARNING: Shader Unsupported: 'AVProVideo/Internal/UI/Stereo - AndroidOES' - All subshaders removed
WARNING: Shader Did you use #pragma only_renderers and omit this platform?
WARNING: Shader If subshaders removal was intentional, you may have forgotten turning Fallback off?
WARNING: Shader Unsupported: 'AVProVideo/Internal/UI/Stereo - AndroidOES' - All subshaders removed
WARNING: Shader Did you use #pragma only_renderers and omit this platform?
WARNING: Shader If subshaders removal was intentional, you may have forgotten turning Fallback off?
WARNING: Shader Unsupported: 'AVProVideo/VR/InsideSphere Unlit (stereo+color) - Android OES ONLY' - All subshaders removed
WARNING: Shader Did you use #pragma only_renderers and omit this platform?
WARNING: Shader If subshaders removal was intentional, you may have forgotten turning Fallback off?
WARNING: Shader Unsupported: 'AVProVideo/VR/InsideSphere Unlit (stereo+color) - Android OES ONLY' - All subshaders removed
WARNING: Shader Did you use #pragma only_renderers and omit this platform?
WARNING: Shader If subshaders removal was intentional, you may have forgotten turning Fallback off?
WARNING: Shader Unsupported: 'Universal Render Pipeline/VR/SpatialMapping/Wireframe' - All subshaders removed
WARNING: Shader Did you use #pragma only_renderers and omit this platform?
WARNING: Shader If subshaders removal was intentional, you may have forgotten turning Fallback off?
WARNING: Shader Unsupported: 'Universal Render Pipeline/VR/SpatialMapping/Wireframe' - All subshaders removed
WARNING: Shader Did you use #pragma only_renderers and omit this platform?
WARNING: Shader If subshaders removal was intentional, you may have forgotten turning Fallback off?
WARNING: Shader Unsupported: 'AVProVideo/VR/InsideSphere Unlit Transparent (stereo+color+alpha) - Android OES ONLY' - All subshaders removed
WARNING: Shader Did you use #pragma only_renderers and omit this platform?
WARNING: Shader If subshaders removal was intentional, you may have forgotten turning Fallback off?
WARNING: Shader Unsupported: 'AVProVideo/VR/InsideSphere Unlit Transparent (stereo+color+alpha) - Android OES ONLY' - All subshaders removed
WARNING: Shader Did you use #pragma only_renderers and omit this platform?
WARNING: Shader If subshaders removal was intentional, you may have forgotten turning Fallback off?
WARNING: Shader Unsupported: 'AVProVideo/Unlit/Transparent (texture+alpha support) - Android OES ONLY' - All subshaders removed
WARNING: Shader Did you use #pragma only_renderers and omit this platform?
WARNING: Shader If subshaders removal was intentional, you may have forgotten turning Fallback off?
WARNING: Shader Unsupported: 'AVProVideo/Unlit/Transparent (texture+alpha support) - Android OES ONLY' - All subshaders removed
WARNING: Shader Did you use #pragma only_renderers and omit this platform?
WARNING: Shader If subshaders removal was intentional, you may have forgotten turning Fallback off?
Shader 'Meta/MRUK/Scene/HighlightsAndShadows': fallback shader 'Off' not found
Shader 'Oculus/OVRMRCameraFrameLit': fallback shader 'Alpha-Diffuse' not found
Refreshing native plugins compatible for Editor in 6.74 ms, found 18 plugins.
Preloading 1 native plugins for Editor in 0.45 ms.
Unloading 23 Unused Serialized files (Serialized files now loaded: 0)
Unloading 9289 unused Assets / (2.9 MB). Loaded Objects now: 10065.
Memory consumption went from 185.1 MB to 182.2 MB.
Total: 24.253333 ms (FindLiveObjects: 0.832416 ms CreateObjectMapping: 1.255834 ms MarkObjects: 18.035416 ms  DeleteObjects: 4.127459 ms)

Prepare: number of updated asset objects reloaded= 0
========================================================================
Received Prepare
Begin MonoManager ReloadAssembly
Thread 0x308c47000 may have been prematurely finalized
Symbol file LoadedFromMemory is not a mono symbol file
- Loaded All Assemblies, in  1.006 seconds
Script 'CharacterController' has the same name as built-in Unity component.
AddComponent and GetComponent will not work with this script.
'Packages/com.meta.xr.sdk.core/Editor/BuildingBlocks/BlocksWindow.cs' contains partial class of Unity.Object, exactly 1 of the partial classes needs to be in a file with the same filename. This is to know the one that can be referenced from ie. GameObjects
'Packages/com.meta.xr.sdk.core/Editor/BuildingBlocks/BlocksWindowDetailsExtension.cs' contains partial class of Unity.Object, exactly 1 of the partial classes needs to be in a file with the same filename. This is to know the one that can be referenced from ie. GameObjects
'Packages/com.meta.xr.sdk.core/Editor/BuildingBlocks/BlocksWindowCollectionsPageExtension.cs' contains partial class of Unity.Object, exactly 1 of the partial classes needs to be in a file with the same filename. This is to know the one that can be referenced from ie. GameObjects
Refreshing native plugins compatible for Editor in 5.52 ms, found 18 plugins.
Native extension for Android target not found
Native extension for OSXStandalone target not found
[Package Manager] Failed to launch server process. Reason: Unity was launched with the -noUpm command-line argument
[Package Manager] Unable to send message (not connected to server process).
[Package Manager] Cannot connect to Unity Package Manager local server
[Package Manager] Failed to launch server process. Reason: Unity was launched with the -noUpm command-line argument
[Package Manager] Unable to send message (not connected to server process).
[Package Manager] Cannot connect to Unity Package Manager local server
Refreshing native plugins compatible for Editor in 8.05 ms, found 18 plugins.
[Package Manager] Failed to launch server process. Reason: Unity was launched with the -noUpm command-line argument
[Package Manager] Unable to send message (not connected to server process).
[Package Manager] Cannot connect to Unity Package Manager local server
Mono: successfully reloaded assembly
[Package Manager] Failed to launch server process. Reason: Unity was launched with the -noUpm command-line argument
[Package Manager] Unable to send message (not connected to server process).
[Package Manager] Cannot connect to Unity Package Manager local server
- Finished resetting the current domain, in  0.888 seconds
Domain Reload Profiling: 1899ms
	BeginReloadAssembly (255ms)
		ExecutionOrderSort (0ms)
		DisableScriptedObjects (10ms)
		BackupInstance (0ms)
		ReleaseScriptingObjects (0ms)
		CreateAndSetChildDomain (124ms)
	RebuildCommonClasses (31ms)
	RebuildNativeTypeToScriptingClass (11ms)
	initialDomainReloadingComplete (24ms)
	LoadAllAssembliesAndSetupDomain (690ms)
		LoadAssemblies (394ms)
		RebuildTransferFunctionScriptingTraits (0ms)
		AnalyzeDomain (336ms)
			TypeCache.Refresh (44ms)
				TypeCache.ScanAssembly (0ms)
			BuildScriptInfoCaches (265ms)
			ResolveRequiredComponents (20ms)
	FinalizeReload (888ms)
		ReleaseScriptCaches (0ms)
		RebuildScriptCaches (0ms)
		SetupLoadedEditorAssemblies (703ms)
			LogAssemblyErrors (0ms)
			InitializePlatformSupportModulesInManaged (7ms)
			SetLoadedEditorAssemblies (7ms)
			BeforeProcessingInitializeOnLoad (141ms)
			ProcessInitializeOnLoadAttributes (393ms)
			ProcessInitializeOnLoadMethodAttributes (154ms)
			AfterProcessingInitializeOnLoad (1ms)
			EditorAssembliesLoaded (1ms)
		ExecutionOrderSort2 (0ms)
		AwakeInstancesAfterBackupRestoration (14ms)
WARNING: Shader Unsupported: 'AVProVideo/Internal/UI/Transparent Packed (stereo) - AndroidOES' - All subshaders removed
WARNING: Shader Did you use #pragma only_renderers and omit this platform?
WARNING: Shader If subshaders removal was intentional, you may have forgotten turning Fallback off?
WARNING: Shader Unsupported: 'AVProVideo/Internal/UI/Transparent Packed (stereo) - AndroidOES' - All subshaders removed
WARNING: Shader Did you use #pragma only_renderers and omit this platform?
WARNING: Shader If subshaders removal was intentional, you may have forgotten turning Fallback off?
WARNING: Shader Unsupported: 'AVProVideo/Unlit/Opaque (texture+color+stereo support) - Android OES ONLY' - All subshaders removed
WARNING: Shader Did you use #pragma only_renderers and omit this platform?
WARNING: Shader If subshaders removal was intentional, you may have forgotten turning Fallback off?
WARNING: Shader Unsupported: 'AVProVideo/Unlit/Opaque (texture+color+stereo support) - Android OES ONLY' - All subshaders removed
WARNING: Shader Did you use #pragma only_renderers and omit this platform?
WARNING: Shader If subshaders removal was intentional, you may have forgotten turning Fallback off?
WARNING: Shader Unsupported: 'AVProVideo/Internal/UI/Stereo - AndroidOES' - All subshaders removed
WARNING: Shader Did you use #pragma only_renderers and omit this platform?
WARNING: Shader If subshaders removal was intentional, you may have forgotten turning Fallback off?
WARNING: Shader Unsupported: 'AVProVideo/Internal/UI/Stereo - AndroidOES' - All subshaders removed
WARNING: Shader Did you use #pragma only_renderers and omit this platform?
WARNING: Shader If subshaders removal was intentional, you may have forgotten turning Fallback off?
WARNING: Shader Unsupported: 'AVProVideo/VR/InsideSphere Unlit (stereo+color) - Android OES ONLY' - All subshaders removed
WARNING: Shader Did you use #pragma only_renderers and omit this platform?
WARNING: Shader If subshaders removal was intentional, you may have forgotten turning Fallback off?
WARNING: Shader Unsupported: 'AVProVideo/VR/InsideSphere Unlit (stereo+color) - Android OES ONLY' - All subshaders removed
WARNING: Shader Did you use #pragma only_renderers and omit this platform?
WARNING: Shader If subshaders removal was intentional, you may have forgotten turning Fallback off?
WARNING: Shader Unsupported: 'Universal Render Pipeline/VR/SpatialMapping/Wireframe' - All subshaders removed
WARNING: Shader Did you use #pragma only_renderers and omit this platform?
WARNING: Shader If subshaders removal was intentional, you may have forgotten turning Fallback off?
WARNING: Shader Unsupported: 'Universal Render Pipeline/VR/SpatialMapping/Wireframe' - All subshaders removed
WARNING: Shader Did you use #pragma only_renderers and omit this platform?
WARNING: Shader If subshaders removal was intentional, you may have forgotten turning Fallback off?
WARNING: Shader Unsupported: 'AVProVideo/VR/InsideSphere Unlit Transparent (stereo+color+alpha) - Android OES ONLY' - All subshaders removed
WARNING: Shader Did you use #pragma only_renderers and omit this platform?
WARNING: Shader If subshaders removal was intentional, you may have forgotten turning Fallback off?
WARNING: Shader Unsupported: 'AVProVideo/VR/InsideSphere Unlit Transparent (stereo+color+alpha) - Android OES ONLY' - All subshaders removed
WARNING: Shader Did you use #pragma only_renderers and omit this platform?
WARNING: Shader If subshaders removal was intentional, you may have forgotten turning Fallback off?
WARNING: Shader Unsupported: 'AVProVideo/Unlit/Transparent (texture+alpha support) - Android OES ONLY' - All subshaders removed
WARNING: Shader Did you use #pragma only_renderers and omit this platform?
WARNING: Shader If subshaders removal was intentional, you may have forgotten turning Fallback off?
WARNING: Shader Unsupported: 'AVProVideo/Unlit/Transparent (texture+alpha support) - Android OES ONLY' - All subshaders removed
WARNING: Shader Did you use #pragma only_renderers and omit this platform?
WARNING: Shader If subshaders removal was intentional, you may have forgotten turning Fallback off?
Shader 'Meta/MRUK/Scene/HighlightsAndShadows': fallback shader 'Off' not found
Shader 'Oculus/OVRMRCameraFrameLit': fallback shader 'Alpha-Diffuse' not found
Refreshing native plugins compatible for Editor in 6.74 ms, found 18 plugins.
Preloading 1 native plugins for Editor in 0.51 ms.
Unloading 23 Unused Serialized files (Serialized files now loaded: 0)
Unloading 9289 unused Assets / (3.5 MB). Loaded Objects now: 10068.
Memory consumption went from 184.9 MB to 181.4 MB.
Total: 22.452083 ms (FindLiveObjects: 1.058875 ms CreateObjectMapping: 3.205417 ms MarkObjects: 14.884667 ms  DeleteObjects: 3.301000 ms)

Prepare: number of updated asset objects reloaded= 0
========================================================================
Received Prepare
Begin MonoManager ReloadAssembly
Thread 0x308c47000 may have been prematurely finalized
Symbol file LoadedFromMemory is not a mono symbol file
- Loaded All Assemblies, in  1.029 seconds
Script 'CharacterController' has the same name as built-in Unity component.
AddComponent and GetComponent will not work with this script.
'Packages/com.meta.xr.sdk.core/Editor/BuildingBlocks/BlocksWindow.cs' contains partial class of Unity.Object, exactly 1 of the partial classes needs to be in a file with the same filename. This is to know the one that can be referenced from ie. GameObjects
'Packages/com.meta.xr.sdk.core/Editor/BuildingBlocks/BlocksWindowDetailsExtension.cs' contains partial class of Unity.Object, exactly 1 of the partial classes needs to be in a file with the same filename. This is to know the one that can be referenced from ie. GameObjects
'Packages/com.meta.xr.sdk.core/Editor/BuildingBlocks/BlocksWindowCollectionsPageExtension.cs' contains partial class of Unity.Object, exactly 1 of the partial classes needs to be in a file with the same filename. This is to know the one that can be referenced from ie. GameObjects
Refreshing native plugins compatible for Editor in 5.95 ms, found 18 plugins.
Native extension for Android target not found
Native extension for OSXStandalone target not found
[Package Manager] Failed to launch server process. Reason: Unity was launched with the -noUpm command-line argument
[Package Manager] Unable to send message (not connected to server process).
[Package Manager] Cannot connect to Unity Package Manager local server
[Package Manager] Failed to launch server process. Reason: Unity was launched with the -noUpm command-line argument
[Package Manager] Unable to send message (not connected to server process).
[Package Manager] Cannot connect to Unity Package Manager local server
Refreshing native plugins compatible for Editor in 6.41 ms, found 18 plugins.
[Package Manager] Failed to launch server process. Reason: Unity was launched with the -noUpm command-line argument
[Package Manager] Unable to send message (not connected to server process).
[Package Manager] Cannot connect to Unity Package Manager local server
Mono: successfully reloaded assembly
[Package Manager] Failed to launch server process. Reason: Unity was launched with the -noUpm command-line argument
[Package Manager] Unable to send message (not connected to server process).
[Package Manager] Cannot connect to Unity Package Manager local server
- Finished resetting the current domain, in  1.035 seconds
Domain Reload Profiling: 2073ms
	BeginReloadAssembly (270ms)
		ExecutionOrderSort (0ms)
		DisableScriptedObjects (17ms)
		BackupInstance (0ms)
		ReleaseScriptingObjects (1ms)
		CreateAndSetChildDomain (111ms)
	RebuildCommonClasses (31ms)
	RebuildNativeTypeToScriptingClass (11ms)
	initialDomainReloadingComplete (27ms)
	LoadAllAssembliesAndSetupDomain (699ms)
		LoadAssemblies (402ms)
		RebuildTransferFunctionScriptingTraits (0ms)
		AnalyzeDomain (337ms)
			TypeCache.Refresh (39ms)
				TypeCache.ScanAssembly (0ms)
			BuildScriptInfoCaches (263ms)
			ResolveRequiredComponents (26ms)
	FinalizeReload (1036ms)
		ReleaseScriptCaches (0ms)
		RebuildScriptCaches (0ms)
		SetupLoadedEditorAssemblies (842ms)
			LogAssemblyErrors (1ms)
			InitializePlatformSupportModulesInManaged (7ms)
			SetLoadedEditorAssemblies (6ms)
			BeforeProcessingInitializeOnLoad (143ms)
			ProcessInitializeOnLoadAttributes (476ms)
			ProcessInitializeOnLoadMethodAttributes (207ms)
			AfterProcessingInitializeOnLoad (1ms)
			EditorAssembliesLoaded (0ms)
		ExecutionOrderSort2 (0ms)
		AwakeInstancesAfterBackupRestoration (9ms)
WARNING: Shader Unsupported: 'AVProVideo/Internal/UI/Transparent Packed (stereo) - AndroidOES' - All subshaders removed
WARNING: Shader Did you use #pragma only_renderers and omit this platform?
WARNING: Shader If subshaders removal was intentional, you may have forgotten turning Fallback off?
WARNING: Shader Unsupported: 'AVProVideo/Internal/UI/Transparent Packed (stereo) - AndroidOES' - All subshaders removed
WARNING: Shader Did you use #pragma only_renderers and omit this platform?
WARNING: Shader If subshaders removal was intentional, you may have forgotten turning Fallback off?
WARNING: Shader Unsupported: 'AVProVideo/Unlit/Opaque (texture+color+stereo support) - Android OES ONLY' - All subshaders removed
WARNING: Shader Did you use #pragma only_renderers and omit this platform?
WARNING: Shader If subshaders removal was intentional, you may have forgotten turning Fallback off?
WARNING: Shader Unsupported: 'AVProVideo/Unlit/Opaque (texture+color+stereo support) - Android OES ONLY' - All subshaders removed
WARNING: Shader Did you use #pragma only_renderers and omit this platform?
WARNING: Shader If subshaders removal was intentional, you may have forgotten turning Fallback off?
WARNING: Shader Unsupported: 'AVProVideo/Internal/UI/Stereo - AndroidOES' - All subshaders removed
WARNING: Shader Did you use #pragma only_renderers and omit this platform?
WARNING: Shader If subshaders removal was intentional, you may have forgotten turning Fallback off?
WARNING: Shader Unsupported: 'AVProVideo/Internal/UI/Stereo - AndroidOES' - All subshaders removed
WARNING: Shader Did you use #pragma only_renderers and omit this platform?
WARNING: Shader If subshaders removal was intentional, you may have forgotten turning Fallback off?
WARNING: Shader Unsupported: 'AVProVideo/VR/InsideSphere Unlit (stereo+color) - Android OES ONLY' - All subshaders removed
WARNING: Shader Did you use #pragma only_renderers and omit this platform?
WARNING: Shader If subshaders removal was intentional, you may have forgotten turning Fallback off?
WARNING: Shader Unsupported: 'AVProVideo/VR/InsideSphere Unlit (stereo+color) - Android OES ONLY' - All subshaders removed
WARNING: Shader Did you use #pragma only_renderers and omit this platform?
WARNING: Shader If subshaders removal was intentional, you may have forgotten turning Fallback off?
WARNING: Shader Unsupported: 'Universal Render Pipeline/VR/SpatialMapping/Wireframe' - All subshaders removed
WARNING: Shader Did you use #pragma only_renderers and omit this platform?
WARNING: Shader If subshaders removal was intentional, you may have forgotten turning Fallback off?
WARNING: Shader Unsupported: 'Universal Render Pipeline/VR/SpatialMapping/Wireframe' - All subshaders removed
WARNING: Shader Did you use #pragma only_renderers and omit this platform?
WARNING: Shader If subshaders removal was intentional, you may have forgotten turning Fallback off?
WARNING: Shader Unsupported: 'AVProVideo/VR/InsideSphere Unlit Transparent (stereo+color+alpha) - Android OES ONLY' - All subshaders removed
WARNING: Shader Did you use #pragma only_renderers and omit this platform?
WARNING: Shader If subshaders removal was intentional, you may have forgotten turning Fallback off?
WARNING: Shader Unsupported: 'AVProVideo/VR/InsideSphere Unlit Transparent (stereo+color+alpha) - Android OES ONLY' - All subshaders removed
WARNING: Shader Did you use #pragma only_renderers and omit this platform?
WARNING: Shader If subshaders removal was intentional, you may have forgotten turning Fallback off?
WARNING: Shader Unsupported: 'AVProVideo/Unlit/Transparent (texture+alpha support) - Android OES ONLY' - All subshaders removed
WARNING: Shader Did you use #pragma only_renderers and omit this platform?
WARNING: Shader If subshaders removal was intentional, you may have forgotten turning Fallback off?
WARNING: Shader Unsupported: 'AVProVideo/Unlit/Transparent (texture+alpha support) - Android OES ONLY' - All subshaders removed
WARNING: Shader Did you use #pragma only_renderers and omit this platform?
WARNING: Shader If subshaders removal was intentional, you may have forgotten turning Fallback off?
Shader 'Meta/MRUK/Scene/HighlightsAndShadows': fallback shader 'Off' not found
Shader 'Oculus/OVRMRCameraFrameLit': fallback shader 'Alpha-Diffuse' not found
Refreshing native plugins compatible for Editor in 6.78 ms, found 18 plugins.
Preloading 1 native plugins for Editor in 0.81 ms.
Unloading 23 Unused Serialized files (Serialized files now loaded: 0)
Unloading 9289 unused Assets / (3.8 MB). Loaded Objects now: 10071.
Memory consumption went from 185.1 MB to 181.2 MB.
Total: 27.074041 ms (FindLiveObjects: 0.901917 ms CreateObjectMapping: 0.623542 ms MarkObjects: 19.640708 ms  DeleteObjects: 5.907084 ms)

Prepare: number of updated asset objects reloaded= 0
========================================================================
Received Prepare
Begin MonoManager ReloadAssembly
Thread 0x308c47000 may have been prematurely finalized
Symbol file LoadedFromMemory is not a mono symbol file
- Loaded All Assemblies, in  1.124 seconds
Script 'CharacterController' has the same name as built-in Unity component.
AddComponent and GetComponent will not work with this script.
'Packages/com.meta.xr.sdk.core/Editor/BuildingBlocks/BlocksWindow.cs' contains partial class of Unity.Object, exactly 1 of the partial classes needs to be in a file with the same filename. This is to know the one that can be referenced from ie. GameObjects
'Packages/com.meta.xr.sdk.core/Editor/BuildingBlocks/BlocksWindowDetailsExtension.cs' contains partial class of Unity.Object, exactly 1 of the partial classes needs to be in a file with the same filename. This is to know the one that can be referenced from ie. GameObjects
'Packages/com.meta.xr.sdk.core/Editor/BuildingBlocks/BlocksWindowCollectionsPageExtension.cs' contains partial class of Unity.Object, exactly 1 of the partial classes needs to be in a file with the same filename. This is to know the one that can be referenced from ie. GameObjects
Refreshing native plugins compatible for Editor in 8.43 ms, found 18 plugins.
Native extension for Android target not found
Native extension for OSXStandalone target not found
[Package Manager] Failed to launch server process. Reason: Unity was launched with the -noUpm command-line argument
[Package Manager] Unable to send message (not connected to server process).
[Package Manager] Cannot connect to Unity Package Manager local server
[Package Manager] Failed to launch server process. Reason: Unity was launched with the -noUpm command-line argument
[Package Manager] Unable to send message (not connected to server process).
[Package Manager] Cannot connect to Unity Package Manager local server
Refreshing native plugins compatible for Editor in 6.99 ms, found 18 plugins.
[Package Manager] Failed to launch server process. Reason: Unity was launched with the -noUpm command-line argument
[Package Manager] Unable to send message (not connected to server process).
[Package Manager] Cannot connect to Unity Package Manager local server
Mono: successfully reloaded assembly
[Package Manager] Failed to launch server process. Reason: Unity was launched with the -noUpm command-line argument
[Package Manager] Unable to send message (not connected to server process).
[Package Manager] Cannot connect to Unity Package Manager local server
- Finished resetting the current domain, in  0.943 seconds
Domain Reload Profiling: 2075ms
	BeginReloadAssembly (275ms)
		ExecutionOrderSort (0ms)
		DisableScriptedObjects (7ms)
		BackupInstance (0ms)
		ReleaseScriptingObjects (0ms)
		CreateAndSetChildDomain (133ms)
	RebuildCommonClasses (30ms)
	RebuildNativeTypeToScriptingClass (12ms)
	initialDomainReloadingComplete (28ms)
	LoadAllAssembliesAndSetupDomain (787ms)
		LoadAssemblies (506ms)
		RebuildTransferFunctionScriptingTraits (0ms)
		AnalyzeDomain (334ms)
			TypeCache.Refresh (36ms)
				TypeCache.ScanAssembly (0ms)
			BuildScriptInfoCaches (269ms)
			ResolveRequiredComponents (18ms)
	FinalizeReload (943ms)
		ReleaseScriptCaches (0ms)
		RebuildScriptCaches (0ms)
		SetupLoadedEditorAssemblies (770ms)
			LogAssemblyErrors (0ms)
			InitializePlatformSupportModulesInManaged (6ms)
			SetLoadedEditorAssemblies (6ms)
			BeforeProcessingInitializeOnLoad (132ms)
			ProcessInitializeOnLoadAttributes (410ms)
			ProcessInitializeOnLoadMethodAttributes (208ms)
			AfterProcessingInitializeOnLoad (5ms)
			EditorAssembliesLoaded (2ms)
		ExecutionOrderSort2 (0ms)
		AwakeInstancesAfterBackupRestoration (12ms)
WARNING: Shader Unsupported: 'AVProVideo/Internal/UI/Transparent Packed (stereo) - AndroidOES' - All subshaders removed
WARNING: Shader Did you use #pragma only_renderers and omit this platform?
WARNING: Shader If subshaders removal was intentional, you may have forgotten turning Fallback off?
WARNING: Shader Unsupported: 'AVProVideo/Internal/UI/Transparent Packed (stereo) - AndroidOES' - All subshaders removed
WARNING: Shader Did you use #pragma only_renderers and omit this platform?
WARNING: Shader If subshaders removal was intentional, you may have forgotten turning Fallback off?
WARNING: Shader Unsupported: 'AVProVideo/Unlit/Opaque (texture+color+stereo support) - Android OES ONLY' - All subshaders removed
WARNING: Shader Did you use #pragma only_renderers and omit this platform?
WARNING: Shader If subshaders removal was intentional, you may have forgotten turning Fallback off?
WARNING: Shader Unsupported: 'AVProVideo/Unlit/Opaque (texture+color+stereo support) - Android OES ONLY' - All subshaders removed
WARNING: Shader Did you use #pragma only_renderers and omit this platform?
WARNING: Shader If subshaders removal was intentional, you may have forgotten turning Fallback off?
WARNING: Shader Unsupported: 'AVProVideo/Internal/UI/Stereo - AndroidOES' - All subshaders removed
WARNING: Shader Did you use #pragma only_renderers and omit this platform?
WARNING: Shader If subshaders removal was intentional, you may have forgotten turning Fallback off?
WARNING: Shader Unsupported: 'AVProVideo/Internal/UI/Stereo - AndroidOES' - All subshaders removed
WARNING: Shader Did you use #pragma only_renderers and omit this platform?
WARNING: Shader If subshaders removal was intentional, you may have forgotten turning Fallback off?
WARNING: Shader Unsupported: 'AVProVideo/VR/InsideSphere Unlit (stereo+color) - Android OES ONLY' - All subshaders removed
WARNING: Shader Did you use #pragma only_renderers and omit this platform?
WARNING: Shader If subshaders removal was intentional, you may have forgotten turning Fallback off?
WARNING: Shader Unsupported: 'AVProVideo/VR/InsideSphere Unlit (stereo+color) - Android OES ONLY' - All subshaders removed
WARNING: Shader Did you use #pragma only_renderers and omit this platform?
WARNING: Shader If subshaders removal was intentional, you may have forgotten turning Fallback off?
WARNING: Shader Unsupported: 'Universal Render Pipeline/VR/SpatialMapping/Wireframe' - All subshaders removed
WARNING: Shader Did you use #pragma only_renderers and omit this platform?
WARNING: Shader If subshaders removal was intentional, you may have forgotten turning Fallback off?
WARNING: Shader Unsupported: 'Universal Render Pipeline/VR/SpatialMapping/Wireframe' - All subshaders removed
WARNING: Shader Did you use #pragma only_renderers and omit this platform?
WARNING: Shader If subshaders removal was intentional, you may have forgotten turning Fallback off?
WARNING: Shader Unsupported: 'AVProVideo/VR/InsideSphere Unlit Transparent (stereo+color+alpha) - Android OES ONLY' - All subshaders removed
WARNING: Shader Did you use #pragma only_renderers and omit this platform?
WARNING: Shader If subshaders removal was intentional, you may have forgotten turning Fallback off?
WARNING: Shader Unsupported: 'AVProVideo/VR/InsideSphere Unlit Transparent (stereo+color+alpha) - Android OES ONLY' - All subshaders removed
WARNING: Shader Did you use #pragma only_renderers and omit this platform?
WARNING: Shader If subshaders removal was intentional, you may have forgotten turning Fallback off?
WARNING: Shader Unsupported: 'AVProVideo/Unlit/Transparent (texture+alpha support) - Android OES ONLY' - All subshaders removed
WARNING: Shader Did you use #pragma only_renderers and omit this platform?
WARNING: Shader If subshaders removal was intentional, you may have forgotten turning Fallback off?
WARNING: Shader Unsupported: 'AVProVideo/Unlit/Transparent (texture+alpha support) - Android OES ONLY' - All subshaders removed
WARNING: Shader Did you use #pragma only_renderers and omit this platform?
WARNING: Shader If subshaders removal was intentional, you may have forgotten turning Fallback off?
Shader 'Meta/MRUK/Scene/HighlightsAndShadows': fallback shader 'Off' not found
Shader 'Oculus/OVRMRCameraFrameLit': fallback shader 'Alpha-Diffuse' not found
Refreshing native plugins compatible for Editor in 7.82 ms, found 18 plugins.
Preloading 1 native plugins for Editor in 0.46 ms.
Unloading 23 Unused Serialized files (Serialized files now loaded: 0)
Unloading 9289 unused Assets / (3.3 MB). Loaded Objects now: 10074.
Memory consumption went from 185.1 MB to 181.8 MB.
Total: 12.780792 ms (FindLiveObjects: 0.709208 ms CreateObjectMapping: 0.526000 ms MarkObjects: 8.724041 ms  DeleteObjects: 2.820292 ms)

Prepare: number of updated asset objects reloaded= 0
